object_number,edition_id
1837,ED-A6BD248008
1839,ED-76610E8D3C
1851,ED-787A1EE240
1878,ED-2EAD620E19
8979,ED-35AEE12A8C
8980,ED-B3CA913507
8981,ED-CF06107B98
8982,ED-78FBA8B89A
8984,ED-A3F47A2A36
8985,ED-E06C03F55F
8988,ED-5529D2E113
8989,ED-725CB519C5
9001,ED-3D62072959
9004,ED-0A454D3C37
9005,ED-EA7479C41F
9006,ED-891BD88A10
9007,ED-0A9E3ABA31
9008,ED-34697113EC
9009,ED-D1C7DEF176
9010,ED-1B87EB71DE
9011,ED-99481503CD
9012,ED-D29D7A1806
9013,ED-A500BE2AB8
9014,ED-802AC90466
9015,ED-BB3A07A9D3
9016,ED-C89B04F4DD
9017,ED-C5C7155C41
9018,ED-1043D9CD80
9019,ED-211310F8A1
9073,ED-5203C8F0B5
9088,ED-27B449D13F
9092,ED-2665F08354
9097,ED-925A9D2B33
9101,ED-95F44481AE
9102,ED-7D5B938B10
9103,ED-81C78B61AE
9121,ED-FC4B47C606
9148,ED-8BBB0094E6
9152,ED-05F28891A6
9164,ED-266B0FE77C
9171,ED-3E836AFF6E
9174,ED-8560283577
9181,ED-15D8F1ACE0
9182,ED-69FEDD1334
9183,ED-0B6F10A713
9186,ED-9BB83A6739
9191,ED-0C68EF5811
9192,ED-FB70E5E8A3
9193,ED-F09117AF6E
9194,ED-818D78C95F
9195,ED-B50D60428A
9196,ED-10B866B13C
9197,ED-1294018ED8
9198,ED-1D85191A15
9199,ED-27C6B84BBB
9201,ED-DE5228764F
9202,ED-7738E95DFA
9203,ED-0020A3D616
9204,ED-ED05FAD6BF
9206,ED-307EC22CAE
9207,ED-A7C86D720A
9208,ED-F7734AB8FD
9210,ED-E1CBE4E89C
9211,ED-C2273D0FF7
9212,ED-E4DABB5B1C
9218,ED-0CF87BAFED
9220,ED-646BE802B2
9221,ED-F4F60F0084
9222,ED-D4D17EEA64
9223,ED-19DE3B3D10
9224,ED-614023D46A
9225,ED-EA7479C41F
9226,ED-51453F0C54
9227,ED-1AD8F8F872
9228,ED-5D3279C9FB
9229,ED-6F21B2C865
9230,ED-272A51FD6E
9231,ED-C32D5D669B
9232,ED-D125BE3BEF
9233,ED-EB7AB3D45A
9234,ED-922DCB73A4
9235,ED-A9F96EAF32
9242,ED-5C9A746D7A
9243,ED-0A148BC4E0
9244,ED-338D86F189
9245,ED-6FF0670F24
9246,ED-9B4F28AF1C
9247,ED-A0057A7569
9248,ED-4BD2ADB213
9250,ED-016E9D1569
9256,ED-D49A427D21
9257,ED-B8F556A2E3
9261,ED-AA10FBB736
9263,ED-F09117AF6E
9267,ED-4B1AF1608A
9269,ED-2033DAFE31
9277,ED-915930B1F6
9283,ED-11FABBC460
9289,ED-25FCB4B0E0
9290,ED-5D0C194C13
9291,ED-82089413B8
9305,ED-EE7B322924
9306,ED-A1BE8EC638
9307,ED-51D83B3793
9308,ED-F8E6B83A92
9309,ED-A1301E2918
9310,ED-453E3950FC
9311,ED-4D9F0379DE
9312,ED-27C6B84BBB
9313,ED-B25578B413
9314,ED-4FCD61E498
9316,ED-232F00F66D
9318,ED-D03CE0D6EE
9321,ED-11CEE1DFD8
9322,ED-4740D25C0B
9323,ED-661432C795
9324,ED-05E4148CED
9326,ED-774512F012
9328,ED-71A95E8DFB
9329,ED-6AAEA5E8D5
9330,ED-1AEF525064
9331,ED-FB55AF2469
9358,ED-C768A17709
9393,ED-91AC6A08AA
9401,ED-7738E95DFA
9414,ED-1D15E92C05
9421,ED-3D080EB13D
9428,ED-BAE359FDC6
9436,ED-E1CBE4E89C
9447,ED-02503A815A
9454,ED-B59A42E085
9482,ED-5DEBB7BBC7
9498,ED-8D771CE326
9523,ED-C10D768D6E
9536,ED-E5E4BE1BE5
9553,ED-99B65124F7
9554,ED-62E26EB155
9558,ED-7090B32902
9569,ED-6E0F7054A0
9573,ED-CBF5483330
9580,ED-FD1EEF8CEE
9766,ED-07EBA8DE3C
9767,ED-999AF3498E
9768,ED-59DC8FD7DB
9769,ED-BAEB87810C
9773,ED-8B81702C3D
9775,ED-87A5EBFEAB
9777,ED-D26CEE5751
9779,ED-37D7B4349D
9780,ED-FEC724DB2F
9781,ED-61B457F3C8
9786,ED-671E1781F6
9793,ED-C373A9915B
9795,ED-AE17AA49D3
9796,ED-DB95733C86
9801,ED-B3DB4F103B
9802,ED-F0305716FE
9804,ED-A7B4493AD7
9805,ED-80BA077928
9807,ED-1D9049986B
9809,ED-A269463FBB
9810,ED-71C9918A10
9811,ED-9CCFF3E982
9813,ED-F0305716FE
9816,ED-8FDB033F4D
9818,ED-0BF1364D48
9819,ED-4E7BE0BA25
9820,ED-8E801F6151
9821,ED-92AE3F1297
9826,ED-55B938E2FE
9831,ED-785AEEB754
10122,ED-3167413996
10129,ED-6462F39D2A
10155,ED-173EF59EB9
10173,ED-51AA175458
10174,ED-714DBEBD54
10175,ED-5BB4376CD3
10176,ED-9123FBAC42
10178,ED-6CE39BD5A4
10180,ED-33793C3D5F
10183,ED-2B40CCEBD6
10185,ED-0C4F00B9F1
10186,ED-642EF8C7F3
10190,ED-88F1355ACA
10192,ED-93094E880D
10196,ED-84D990125D
10199,ED-4C04541599
10201,ED-F4BDE8C513
10205,ED-989305A6BC
10207,ED-30D80ECE99
10212,ED-1B637B9337
10213,ED-7F4DB6A5F2
10216,ED-A6DB70F699
10228,ED-AFD78D6304
10231,ED-0FC752CA16
10236,ED-C5F0F08219
10239,ED-4C385DE525
10249,ED-CEF109EE76
10254,ED-5AF2554139
10258,ED-5F93D87666
10264,ED-90C4EE8DE4
10270,ED-32AF13E7A3
10279,ED-6D878C9B36
10289,ED-32AF13E7A3
10293,ED-2665F08354
10295,ED-3C649A9BAE
10308,ED-CF56205EE6
10320,ED-32A9A2A12F
10322,ED-42971019A4
10325,ED-7C0B3A1166
10328,ED-1BBF4EBAD9
10342,ED-E215E114A8
10344,ED-44E280FB80
10352,ED-BFF6C58C45
10358,ED-5DEBB7BBC7
10377,ED-4254311A75
10380,ED-FB70E5E8A3
10382,ED-C72F3831BC
10398,ED-B98E274172
10429,ED-32005519D8
10471,ED-B0EF0BC86A
10489,ED-94A254BEF8
10501,ED-0F4CE3815D
10508,ED-F9AAC1398C
10510,ED-7239C87FEE
10546,ED-624F06451C
10548,ED-45E7115F24
10551,ED-BA5E0DB11A
10588,ED-E769C0C40A
10633,ED-94D4227B68
10651,ED-5D3B0D231D
10659,ED-F5BEE267CA
10735,ED-C0327142EC
10816,ED-052617CF61
10817,ED-FDF9A8660F
10818,ED-0B11F9C7AB
10819,ED-622FB27AE2
10821,ED-D49A427D21
10823,ED-DA38451B09
10827,ED-5C23D67B50
10831,ED-0D689BBE56
10834,ED-DED08A881D
10838,ED-6D7D7EFF14
10890,ED-13DFC6189D
10893,ED-C562FCA542
10903,ED-27D563884B
10907,ED-C55D06E4C2
10914,ED-33793C3D5F
10919,ED-65F5DDC788
10975,ED-3D8FF03A3D
10977,ED-707C5166C0
10981,ED-F8E6B83A92
10987,ED-8711098152
10992,ED-F33A82749F
10995,ED-64599FD6AE
10997,ED-692615CCA0
10998,ED-42980EC5C3
11001,ED-4464E0D5C3
11003,ED-9C72E66F94
11004,ED-C217024DB5
11006,ED-BA9A93FE37
19321,ED-6A51B4DB8F
19335,ED-05CFED14E1
19338,ED-456B90B191
19343,ED-18989EDAED
19345,ED-0976DC63C3
19350,ED-CC1A36DE6A
19353,ED-2435086A38
19355,ED-0B394E413C
19359,ED-054443844B
19361,ED-266B0FE77C
19362,ED-AB90FC734D
19394,ED-650A7D1531
19398,ED-8F9DD9BADD
19399,ED-49CE6A7367
19400,ED-21A7899A39
19401,ED-C0F521CCE7
19404,ED-6ED4FB1BE4
19410,ED-0973F2F9AE
19413,ED-08E6267673
19417,ED-CE102840C0
19419,ED-BB3A07A9D3
19431,ED-160D8C4D43
19435,ED-B9857612F2
19439,ED-CF79ADE2BF
19441,ED-78A6CDBE1E
19442,ED-62E26EB155
19443,ED-714E6CCC05
19444,ED-63E1C5A458
19445,ED-9366458845
19447,ED-E23166D8AB
19488,ED-064714E8FD
19489,ED-E37D094FFC
19491,ED-728F3F91FD
19492,ED-A228F99BDA
19493,ED-D6FDC6B9CE
19494,ED-4BB5946393
19495,ED-A82EFFE960
19496,ED-08EECFD198
19497,ED-8103199062
19498,ED-A7B4493AD7
19501,ED-3E836AFF6E
19502,ED-689CC9DBF1
19509,ED-C283C39C91
19513,ED-A42AF7A8AC
19515,ED-52B79BBCF3
19516,ED-55B938E2FE
19518,ED-7910EF78D6
19520,ED-D93B02EE88
19521,ED-E2A1B6451F
19523,ED-ADED09DF60
19554,ED-E6ACF324B4
19557,ED-5D0C194C13
19561,ED-4A3676F49A
19562,ED-13B95B4512
19563,ED-6A6B54C245
19564,ED-B98EE350F8
19587,ED-A3C1359CBE
19590,ED-F59E1A4C77
19592,ED-716DF91691
19595,ED-2D75157646
19852,ED-98F51BB09C
19966,ED-D4DE961A91
19968,ED-6E9F280272
19970,ED-ED0AC68A8B
19971,ED-DED08A881D
19973,ED-F99D93B73D
19974,ED-7045A8EF97
19977,ED-33AE410378
19981,ED-25FCB4B0E0
19983,ED-E0F432E5BB
19986,ED-2B346FA20B
19989,ED-22BD95DF15
19992,ED-480B362A41
19996,ED-FB70E5E8A3
20000,ED-E7DD853280
20005,ED-5656C1CFB4
20007,ED-5CD2E16370
20011,ED-4F6AD7518E
20020,ED-BA3158E7A4
20021,ED-C83D398932
20022,ED-7D5B938B10
20023,ED-DF002B2352
20048,ED-DDC753BFB3
20049,ED-7523AC6717
20050,ED-4CA7DE0E01
20051,ED-8DFDF0B50D
20052,ED-C17A4F8F7F
20053,ED-BE512BBBC5
20055,ED-99D45C4631
20056,ED-299C0BA4BD
20059,ED-BCB022383B
20063,ED-57444B662B
20094,ED-E8BD77D858
20095,ED-97EAF58718
20109,ED-F13D23FB21
20111,ED-AFEA19DD2B
20113,ED-6D7D7EFF14
20114,ED-6D878C9B36
20118,ED-052617CF61
20120,ED-E0958387A3
20145,ED-EA07E14B6B
20154,ED-FF18192EF0
20155,ED-02EF0AF9EA
20156,ED-4AADB029F1
20157,ED-F4F1A0A3B3
20158,ED-3167413996
20159,ED-6FEE729E73
20160,ED-9490F743FD
20163,ED-A76BB1D099
20166,ED-5F9A7CA49F
20171,ED-C90ABDD093
20175,ED-6FC11A3CB8
20178,ED-05F28891A6
20183,ED-38CE7F15D5
20184,ED-4FCD61E498
20185,ED-F35469B922
20187,ED-1636D25BF4
20188,ED-ED05FAD6BF
20189,ED-C32D5D669B
20190,ED-066B6EF0CB
20191,ED-16E09A1C25
20203,ED-632F5E54CF
20204,ED-DDD7E51D11
20205,ED-0FC752CA16
20208,ED-45A020D0ED
20209,ED-928D7DD90F
20212,ED-A1616818A8
20217,ED-6F4186A91F
20218,ED-707C5166C0
20219,ED-E13460C41B
20221,ED-A0A18E659B
20226,ED-1D99CF5161
20229,ED-82FDEF08F5
20231,ED-E00D3348F9
20236,ED-8A9352D289
20237,ED-D52BB675E4
20238,ED-6812DD8F2F
20241,ED-8D5FB133BF
20242,ED-86E2B312D1
20246,ED-FD1EEF8CEE
20280,ED-9885A3351B
20281,ED-8C5B3E110C
20282,ED-33EE88F60C
20283,ED-564A9D47D6
20284,ED-624F06451C
20285,ED-ADFBC1E15C
20287,ED-C55104D616
20288,ED-382E2CF566
20289,ED-10CA1FCFAB
20290,ED-C669AFD3DC
20359,ED-7B136DAD8D
20363,ED-915930B1F6
20371,ED-227B81D68D
20375,ED-FAA6AC52AC
20384,ED-621916372B
20391,ED-CF6201D402
20397,ED-78DDDF4696
20403,ED-12BD0C1F1D
20405,ED-A3AE975B64
20521,ED-74C0623979
20523,ED-DEACC733C7
20525,ED-F4D0ED6CC3
20528,ED-360A319C17
20532,ED-A6C3388E23
20535,ED-AF33E1C75A
20541,ED-6211024694
20544,ED-2830948A9D
20547,ED-7827C0E5EC
20548,ED-6639C6F9AB
20563,ED-8889DF244C
20564,ED-C2389A2F13
20566,ED-0A454D3C37
20567,ED-8E234C877A
20568,ED-1BBF4EBAD9
20569,ED-CF7A2374CA
20570,ED-91778A69B7
20571,ED-997E44EC7E
20572,ED-E34DAAD6DA
20578,ED-C5F0F08219
20580,ED-0B51B8ADFE
20583,ED-A073D1F425
20585,ED-0B6F10A713
20592,ED-FFB6E5D6BC
20594,ED-0FF031A4A6
20596,ED-5667338B95
20613,ED-E48427E70B
20616,ED-FA545845BD
20620,ED-168C77BF53
20691,ED-C8AC9EFDE3
20702,ED-B88EDCB9D8
20703,ED-3E4A7C6D14
20706,ED-950A2E43A1
20708,ED-10AC2C9770
20726,ED-A6AC8F1932
20863,ED-55BA1EC3B1
20869,ED-03A221788C
20874,ED-5120317E5C
20878,ED-BB067E575E
20880,ED-887686F032
20881,ED-BF0133A28A
20882,ED-B42D495623
20883,ED-4B2CF88816
20884,ED-2A3EBED4AC
20885,ED-04F85C9285
20886,ED-FC50D93ECA
20887,ED-F9BD3524D2
20888,ED-2A4C63DE6A
20889,ED-1F1143FDB9
20890,ED-F4CA2D5F61
20891,ED-0B11F9C7AB
20892,ED-B97FEC95BB
20893,ED-E6038536BB
21054,ED-92B3A3A283
21055,ED-BAE02DA05D
21056,ED-EF15B8DFFB
21057,ED-0AC8A9E091
21058,ED-D2F3A75A24
21067,ED-188B50DFFF
21068,ED-57440D879F
21069,ED-6F67B8246C
21088,ED-0396EF4D24
21093,ED-749C533C84
21095,ED-B489EBFA53
21105,ED-E3E0386A9B
21108,ED-82CC7A91E6
21110,ED-B88C730B65
21112,ED-E545864600
21116,ED-F64B1C6276
21117,ED-48E6A3ADC1
21123,ED-444624B8C4
21125,ED-C5789E10A6
21137,ED-108259142D
21138,ED-2424439935
21139,ED-8C6E56521D
21140,ED-46B82761B3
21141,ED-91FC2E918B
21142,ED-10B25B7E44
21143,ED-561E679354
21144,ED-BF0B64C455
21145,ED-03D78333F5
21146,ED-AC0B84A82E
21147,ED-CF06107B98
21148,ED-368F38029D
21149,ED-0B0C37F356
21150,ED-F642F46215
21151,ED-4C385DE525
21152,ED-B625773A8E
21153,ED-6C8F7A080D
21154,ED-E0D3E8E687
21156,ED-70EAA794D4
21161,ED-7964BDDC01
21162,ED-99B6A79AEB
21164,ED-02B23D3ACB
21166,ED-F489B40683
21167,ED-D265670EA2
21168,ED-4EC312A75E
21171,ED-66CD61BC02
21173,ED-D51227F7C4
21186,ED-0339C87E45
21192,ED-C4F35D2341
21196,ED-3A724D1089
21200,ED-1D7D308C3A
21208,ED-8E717318EE
21225,ED-07989028F7
21228,ED-17A35D9C3B
21229,ED-37D7B4349D
21232,ED-551DC12656
21235,ED-68EF0CAEC3
21239,ED-9C9DE29E43
21242,ED-E3B8494C81
21251,ED-67D7129BEC
21253,ED-57C657C57E
21290,ED-163AD6ECB0
21294,ED-CAFD81C656
21295,ED-D87470DA82
21301,ED-F919437B40
21302,ED-2DB2C6C0F2
21304,ED-9609CC7AD2
21311,ED-155101FF85
21319,ED-93094E880D
21327,ED-E2B214B1C4
21345,ED-1F84B8CAAE
21351,ED-98B21D0C69
21359,ED-8B44961760
21360,ED-422119C461
21372,ED-6C0CB7299A
21375,ED-6FEE729E73
21418,ED-0A446754BB
21421,ED-57C996D98E
21429,ED-62A1F72C2E
21430,ED-B0B906BE72
21433,ED-38530E418E
21435,ED-1753A38FD4
21440,ED-9112D316D2
21443,ED-85714AC5C1
21445,ED-9C9DB5FB8A
21465,ED-36FD05AD34
21468,ED-CE284E8ACA
21471,ED-A2F31C4A7A
21473,ED-4013559C09
21474,ED-EFABF5C532
21476,ED-05DFFB6666
21477,ED-757FD05DF8
21496,ED-AB6C296320
21522,ED-FDF9A8660F
21523,ED-DD6FD7BE7C
21526,ED-F0305716FE
21527,ED-ED1A43480B
21529,ED-1A8A621950
21531,ED-42971019A4
21552,ED-581CF5717A
21555,ED-7180A5876E
21561,ED-8694972FB0
21573,ED-0CD2B41A4E
21577,ED-AB9B1AC482
21578,ED-AC2EDDDEB1
21579,ED-943F1334D1
21580,ED-43E8CB55B3
21581,ED-0A92B6E69A
21582,ED-CD2B55A320
21583,ED-04DD8CB666
21584,ED-86172E4D54
21585,ED-47A0B0C49A
21586,ED-199D09FBE5
21587,ED-D46E150AB7
21588,ED-2E579086DB
21645,ED-59BA30057C
21646,ED-794819BED8
21647,ED-F22D9CFE36
21648,ED-4F434A7FF1
21649,ED-4A58833C3E
21650,ED-1E191D637E
21651,ED-B9E08C1D55
21652,ED-B3CA913507
21655,ED-E6D3720575
21662,ED-37AD976D96
21664,ED-A2164D81EB
21666,ED-294291ECBA
21667,ED-085214DA1E
21668,ED-B1C2191001
21669,ED-CF30EE3615
21670,ED-26FD032079
21671,ED-D3FC72DFFE
21672,ED-983F85A4BC
21673,ED-580F2C7B21
21674,ED-C619BB5029
21675,ED-31315A3DEC
21677,ED-8759651E23
21678,ED-DB97AC72F0
21680,ED-3181E3CD17
21681,ED-56BAA7D52E
21682,ED-6D0E982576
21683,ED-5FE429DE33
21684,ED-69FEDD1334
21685,ED-A7C86D720A
21689,ED-4F92444B13
21691,ED-12048B0B50
21693,ED-B88A7E641B
21700,ED-818E15FBEA
21702,ED-FBAAE0938B
21704,ED-41326C6D95
21710,ED-753827505A
21713,ED-1980C9FF2F
21716,ED-A542AB727D
21717,ED-5DC110D2D2
21720,ED-951ED44855
21721,ED-FA0EDC40D0
21732,ED-192A2C344C
21753,ED-60913602DB
21755,ED-016F790796
21756,ED-B9CD602695
21757,ED-3A4A5625F2
21758,ED-C03ADE4B7D
21759,ED-3D080EB13D
21760,ED-B0EF0BC86A
21761,ED-19216F1D8F
21769,ED-6D8F7095D5
21789,ED-74F7B00581
21790,ED-BCF1EB26D6
21791,ED-79025D97D1
21792,ED-4D9B474FAF
21793,ED-A2EF188ADD
21794,ED-46615BE7A5
21795,ED-B450CB4070
21798,ED-9D8E38DA2E
21802,ED-5B651F5F25
21803,ED-FC4D9D9580
21804,ED-468B398594
21805,ED-39194091D7
21806,ED-CEF41ADC1D
21807,ED-642CAC5060
21808,ED-6EDB35C4C7
21809,ED-3CD837F237
21810,ED-97E240D21C
21811,ED-2DCBD1B6F1
21812,ED-2D049D2688
21813,ED-99E66717EE
21814,ED-02ED333B88
21815,ED-33ADF421C7
21816,ED-531B40A7A7
21817,ED-3124653E3D
21818,ED-855AD5CD18
21820,ED-A2FC608BA9
21825,ED-5EFD7FD22A
21830,ED-F3EC6FAB66
21865,ED-63800E73CD
21867,ED-24A203372F
21868,ED-2B479A4F32
21869,ED-7ABF68A558
21874,ED-CFEF64D7B1
21875,ED-66B3A5A382
21876,ED-FD5353777E
21877,ED-EECC45A5FF
21878,ED-F8A346CDD8
21879,ED-8E2F4E4FBD
21881,ED-776354B7FD
21882,ED-8D05831F31
21884,ED-D228907965
21886,ED-1B7BCA17B5
21887,ED-F72D23B51E
21889,ED-AB796462A9
21890,ED-AE437B311D
21895,ED-6777BAECA7
21898,ED-D251550D6E
21902,ED-C141DDB073
21904,ED-82F9F91185
21905,ED-1276D1E3FA
21906,ED-523669D03C
21908,ED-2F7AD39FF6
21910,ED-D80CCB95BE
21913,ED-BF8F1B5753
21949,ED-990482B3CB
21950,ED-E255F27DBD
21951,ED-71342E4708
21952,ED-031A864561
21953,ED-3AB707C0FD
21954,ED-834E824209
21955,ED-569E1FB5AE
21956,ED-B0C34A072A
21957,ED-1950B2F610
21958,ED-EAE29C1A0B
21962,ED-A25BB1BF43
21967,ED-42F82F0C98
22092,ED-4F1F508CAA
22183,ED-E0EFD08436
22185,ED-A549EAF650
22189,ED-D6331E5E7A
22192,ED-32F388CE75
22196,ED-509EFA9528
22197,ED-A7D333C5F7
22198,ED-5DEBB7BBC7
22199,ED-624706E512
22223,ED-86C85885D8
22315,ED-817C758902
22318,ED-898B941758
22325,ED-F0E4ED454F
22329,ED-A1C716BD3A
22330,ED-6ABA106CF7
22337,ED-0ECA35D053
22338,ED-A81D052EC2
22343,ED-367F3AF889
22349,ED-8A0D874414
22375,ED-FCA77BC339
22377,ED-12DC025CDF
22396,ED-ACF55684D2
22397,ED-17A6CB547F
22398,ED-D44090BF2B
22399,ED-A60FE3F167
22408,ED-10AB5C0200
22410,ED-818D78C95F
22438,ED-09458A07C7
22443,ED-12ED29DB6A
22446,ED-07B0B8C46F
22448,ED-F09117AF6E
22451,ED-7C85960364
22461,ED-FA52B8D54F
22462,ED-2F2E0FA3C7
22464,ED-02503A815A
22470,ED-F5560B9572
22474,ED-29C5E94940
22645,ED-4D9F0379DE
22854,ED-0E638AE11C
22857,ED-E50644F4E3
22859,ED-D15C96C6AE
22861,ED-D13E25D7A5
22865,ED-CF55AE5B2A
22871,ED-6266E80F8A
22877,ED-B2240AAB35
22881,ED-A6AA30E3D8
22885,ED-D3491665C1
22888,ED-38BEBFF022
22920,ED-804D5BD1AE
22923,ED-2033DAFE31
22924,ED-44086B913A
22925,ED-7FB33D184E
22926,ED-ECC2AB90BC
22928,ED-FF3C6BB03A
22931,ED-3310CB5CD9
22935,ED-A5FBC97A14
22938,ED-54372A9408
22939,ED-B6A7DDEDFA
23131,ED-6E039F7AA7
23132,ED-774512F012
23133,ED-740E5A6910
23134,ED-2756C42032
23135,ED-E4A256AC2C
23136,ED-65F5DDC788
23137,ED-1294018ED8
23138,ED-E398BD972E
23139,ED-7D6B219D51
23140,ED-6F84144A16
23141,ED-61807B5DA0
23142,ED-9E2271FD10
23143,ED-D1C7DEF176
23144,ED-3C74C9946D
23145,ED-A846CE7C55
23146,ED-61C4C3AFE7
23147,ED-7F941E4384
23148,ED-F7DBAE3FB8
23149,ED-CBF013C4DF
23150,ED-52489962BF
23153,ED-D125BE3BEF
23155,ED-0667F17CC3
23158,ED-45849D339F
23160,ED-E1706EB6B2
23162,ED-6F21B2C865
23164,ED-DCAA7C6634
23166,ED-7EC4CBE521
23167,ED-B0ED645C17
23168,ED-EDC01FEC22
23169,ED-10861AA7B9
23170,ED-FBAB8F98EE
23171,ED-07568469C8
23172,ED-E42CA28B8B
23173,ED-BF1821B2AD
23187,ED-3BDA1D24A2
23188,ED-EA7479C41F
23189,ED-7FD5D72796
23190,ED-487AFDD8A8
23191,ED-FBD50F07AB
23192,ED-CBF013C4DF
23193,ED-5AB8F90511
23194,ED-BBC29AF4D8
23195,ED-D6D3ED4FD4
23238,ED-9A1311935E
23239,ED-2880E52E3C
23242,ED-149CED46BD
23243,ED-E63B4965D4
23244,ED-4829E440A2
23246,ED-82E3F70363
23252,ED-2665F08354
23254,ED-4E7BE0BA25
23256,ED-2553FAC0AC
23258,ED-94FF90F159
23259,ED-B8F556A2E3
23260,ED-2B40CCEBD6
23261,ED-642E8FFF60
23263,ED-65EAAD2146
23272,ED-4160703A29
23273,ED-636E3D299C
23274,ED-5F0B48ECF8
23336,ED-A37FAF2749
23351,ED-F7E50A90FC
23354,ED-6945EA3B85
23367,ED-018C963EE9
23706,ED-BFD0B9204B
23707,ED-27B449D13F
23708,ED-9EB7B7D3F1
23709,ED-5BA9634195
23710,ED-32AF13E7A3
23711,ED-4765C13933
23712,ED-70CB5E2D94
23713,ED-E917EEECC2
23715,ED-6C5C335255
23717,ED-C9406EE8CA
23718,ED-671E1781F6
23719,ED-0BF1364D48
23721,ED-8537894E28
23723,ED-9DC9C62F7B
23724,ED-87147C0E23
23726,ED-841908A34C
23731,ED-5CA4EDC925
23732,ED-766AFFEDDB
23733,ED-BF0BFD6D0A
23734,ED-20145E359A
23736,ED-AF7691B42F
23741,ED-57CFFA5240
23743,ED-7A9BEE4D3A
23745,ED-F67C5B2E89
23784,ED-D2F617B065
23785,ED-3A426697C7
23788,ED-33AE33C0CB
23789,ED-5D4A9D5B93
23790,ED-1730C1436E
23797,ED-90C4EE8DE4
23801,ED-6910D089A8
23805,ED-A7B2B88238
23806,ED-69E1E215F2
23808,ED-D1D12C2D4C
23811,ED-5E8A4CD9DF
23828,ED-D2BAEDD731
23829,ED-9C7A7FB688
23830,ED-B723F8E340
23831,ED-2F355005AD
23835,ED-6C1B5BF717
23841,ED-4B1AF1608A
23842,ED-3E3384AED0
23843,ED-1EAD9D9103
23844,ED-581B2DE0B7
23845,ED-838419D597
23847,ED-BDA2AA0E17
23848,ED-831874C061
23850,ED-443278D8D3
23852,ED-16D7889B23
23853,ED-F671DAB3DA
23854,ED-826313AD69
23855,ED-37A7B308D5
23856,ED-EF9CC7DD90
23857,ED-4740D25C0B
23858,ED-1D172E2AD9
23870,ED-C2AABCA93B
23872,ED-BC7872AEC0
23875,ED-D36F88ED3F
23876,ED-B53AA13046
23877,ED-4C37D8F126
23878,ED-74026208E0
23879,ED-68C0CD01AF
23880,ED-5FFF5CD1CB
23881,ED-87EA40FCA7
23882,ED-EAEAAB8D6D
23883,ED-5AC14FA344
23884,ED-0E1A185EA0
23885,ED-B7591C98EB
23886,ED-E33ED4105A
23887,ED-EA55DE31D3
23888,ED-5F57D423C6
23889,ED-26E2F5F0FE
23891,ED-142094C720
23897,ED-97FFE34A6D
23900,ED-156A5B6689
23904,ED-E4BE381EBC
23906,ED-614023D46A
23910,ED-CB35608C2B
23911,ED-B60799974A
23912,ED-13BE1ED136
23913,ED-0BD6940B92
23914,ED-FA39867B3D
23915,ED-5D0923CB4A
23916,ED-1043D9CD80
23923,ED-CCCBD86F06
23924,ED-94DA169BD6
23926,ED-B75A2FBBB7
23930,ED-B95CCE0D3D
23932,ED-61AE2A76DA
23933,ED-CBF5483330
23934,ED-67DF2199A8
23935,ED-B9721B77F2
23936,ED-35AEE12A8C
23937,ED-598E7CA686
23939,ED-62F2043C0E
23940,ED-4D857C49EB
23941,ED-8096701B32
23942,ED-8B81702C3D
23944,ED-F08A0F7B6E
23946,ED-7F6037DF6E
23947,ED-2765047FCD
23948,ED-B9D213C8E0
23959,ED-2DC84DD1F4
23960,ED-A5D1B5AF61
23961,ED-1E2A5E8762
23962,ED-0EE825093D
23963,ED-38B4A073BF
23964,ED-707BFE51C6
23965,ED-5A3C357DE2
23966,ED-A5C507D1C0
23967,ED-B310C2BF40
23968,ED-6C234CE81E
23970,ED-6902A7DA5F
23971,ED-B2340847F7
23973,ED-622FB27AE2
23975,ED-3482B4BA84
23976,ED-62584D5F10
23977,ED-D656718610
23980,ED-E646421130
23983,ED-A0EBDDE7F7
23985,ED-3FE17369E2
23989,ED-AE7277648D
23990,ED-4D1C21A8CB
23993,ED-42CA3493D0
24003,ED-74FDF18607
24004,ED-5AF2554139
24005,ED-016E9D1569
24007,ED-5F5B2A4739
24011,ED-F40E60F8EE
24013,ED-1AEF525064
24014,ED-E5B063FA20
24016,ED-642EF8C7F3
24018,ED-268D6A6F70
24019,ED-F3E6EC0A6C
24021,ED-C6ECA5FC17
24022,ED-770166DDF3
24023,ED-1C4F3584AD
24026,ED-7A7D0CCBDA
24027,ED-62379DD489
24028,ED-8A4BAD4144
24029,ED-8535B02467
24030,ED-59DC8FD7DB
24031,ED-3BD9D9377B
24033,ED-AA5D27A50E
24068,ED-9FE8DE6F57
24070,ED-51453F0C54
24072,ED-A0B5E71D04
24209,ED-202A936D9F
24210,ED-B0CBB5420B
24237,ED-396FE790FB
24239,ED-37C84E1FFB
24242,ED-7B9F06F963
24244,ED-7616F40A1D
24246,ED-DA6A41EB47
24247,ED-B575DBBF51
24250,ED-05E4148CED
24305,ED-24C0E0FF5B
24310,ED-7738E95DFA
24337,ED-5529D2E113
24379,ED-5608201662
26593,ED-E4DB65C433
26594,ED-884492AD41
26613,ED-0E73448133
26689,ED-D042255AD6
26692,ED-57426F983E
26693,ED-B2F469E220
26695,ED-F7F03582FB
26696,ED-47E94920E3
26698,ED-15E75015ED
26700,ED-952F9E7E0B
26702,ED-376663404C
26705,ED-A006B2D6BE
26706,ED-1609C0AA80
26707,ED-B7CD5F4294
26737,ED-D630739538
26738,ED-2DDF7759B6
26739,ED-67CE87D13E
26740,ED-983AE1F8C0
26741,ED-0B55412238
26742,ED-3B23936F59
26743,ED-224C7799FE
26954,ED-E251D96080
26955,ED-F9A5FB68A7
26957,ED-A16993B587
26958,ED-9A356C5404
26959,ED-FD604865EB
26960,ED-E1FA6055FA
26961,ED-4872D33EBD
26962,ED-539E604F12
26963,ED-74824D1200
26964,ED-4A9A3228CC
26965,ED-F8414B9658
26966,ED-2426EDF82C
26967,ED-08A2CF8775
26968,ED-077633F5E6
26969,ED-DDC7355AB9
26970,ED-83D84CA518
26971,ED-3ED162A2B4
26972,ED-6136C9FF6C
26973,ED-AE78FAAAFA
26975,ED-DE6EF11DED
26976,ED-25D4ABAC61
26977,ED-0CB1311020
26978,ED-1D8C84B51A
26979,ED-8533EA544B
26980,ED-3D2D928A33
26981,ED-6FD922942F
26982,ED-A7CF98A9DC
26983,ED-F1390A48E9
26984,ED-970C06BE73
26985,ED-F67FD85351
26986,ED-34762064E9
26987,ED-A5B1FE8FC1
26990,ED-615F8229F3
26991,ED-6C6FD3D1CD
26992,ED-6845BDCB42
26993,ED-D65451B400
26994,ED-360C1208C8
27013,ED-378B7E9DC1
27014,ED-711D290893
27015,ED-BE5C8687D6
27017,ED-D80639D3A5
27018,ED-507B764DBE
27019,ED-2B48D4D52B
27020,ED-9CC500511D
27021,ED-202DCD62A3
27022,ED-E3F9597EF2
27023,ED-4B169B27AC
27026,ED-884492AD41
31208,ED-38A2021A06
31350,ED-6514D9FE6C
32234,ED-B457A26EB7
32243,ED-96EDA87BCC
33581,ED-6E7F533CA4
33673,ED-A75071DCA3
33674,ED-EA1A73DEBB
33775#1,ED-B450CB4070
33775#2,ED-A2A6D99477
33775#3,ED-53281D02DB
33867,ED-310BC4FC6C
33942,ED-214BB4C563
33964,ED-C72396CB1D
33979,ED-1F7307CE8A
34379,ED-67ADCE1A32
34380,ED-37D07BA807
34381,ED-E5E7EDC03A
34382,ED-C6C3F6796F
34383,ED-7AAF33512D
34384,ED-F91F0D4547
34385,ED-E4DABB5B1C
34386,ED-618050D1CC
34387,ED-B650D05825
34388,ED-8CC3DBC63B
34389,ED-EB7AB3D45A
34390,ED-F0D2BFBAEB
34391,ED-8759651E23
34392,ED-5AC6B04650
34393,ED-9FCBED3F86
34394,ED-62C6D22BC7
34395,ED-216A2250DA
34396,ED-30D80ECE99
34397,ED-BFA51664E0
34398,ED-11B271EB5D
34399,ED-DA0725E0C7
34400,ED-DD79BC5B10
34401,ED-04F72DBC41
34404,ED-C623EC13BC
34405,ED-BDBB957EF2
34407,ED-9EBCCC18C6
34408,ED-AD4059D145
34409,ED-1A87C3549F
34410,ED-39A145A2BD
34411,ED-71A95E8DFB
34412,ED-A6710CF90A
34413,ED-FE2EC543CB
34414,ED-4484966AC0
34415,ED-5AF57CF437
34416,ED-C6C5CFB0BF
34417,ED-A659F894F8
34418,ED-5D1E0B6FCF
34419,ED-69CD9682B9
34420,ED-199E8BC28A
34421,ED-A0AFE03789
34422,ED-6F0C05DEBF
34423,ED-BD3F13C5F8
34424,ED-BD2D5ACC47
34425,ED-3283ED7569
34426,ED-6DCA9DCB08
34427,ED-1679F9CF14
34428,ED-58746622E0
34429,ED-5124C60D77
34430,ED-C8ADDCC123
34431,ED-EA742ED926
34432,ED-6B2718113A
34433,ED-061A7AB305
34434,ED-F7F0033B35
34435,ED-E7B8181A22
34436,ED-605A35406F
34437,ED-3D8E06E16A
34438,ED-4D6FB4757A
34439,ED-A7C09A290A
34591,ED-6AED03A516
34592,ED-0C68EF5811
34593,ED-E184FD04EE
34594,ED-92D3F1A7AD
34595,ED-1179EBF1F2
34596,ED-7EA7369977
34597,ED-B7C55A8273
34598,ED-BE3FF03762
34599,ED-5385FD6D3C
34600,ED-252F29DBFD
34601,ED-D5CC81457C
34602,ED-145214F63E
34603,ED-17A35D9C3B
34604,ED-B202D9AA38
34605,ED-72332359D5
34606,ED-DB95733C86
34607,ED-EEACDDC17E
34608,ED-9D1FFC5B5A
34609,ED-E4E368C3FE
34610,ED-82736B7D58
34611,ED-D9D0641D52
34612,ED-AB39A4783F
34613,ED-A2514BDFBD
34614,ED-13EA1B254B
34615,ED-4434C9AE8F
34616,ED-26861B9C40
34617,ED-2E16701856
34618,ED-248CC18C7D
34619,ED-955EE36C32
34620,ED-5410CA4EC1
34621,ED-AF99F9174E
34622,ED-BD212FECF6
34623,ED-F98A359BE1
34624,ED-A3F47A2A36
34625,ED-4D5D1CF683
34646,ED-2476DC75BB
34657,ED-11CEE1DFD8
34659,ED-7DCAC40483
34666,ED-7D80EC507D
34671,ED-EE94210DD9
34674,ED-44E280FB80
34679,ED-93D5EBADAD
34683,ED-0A9A169F5D
34686,ED-DBA5FE55FD
34687,ED-CA09AAFFD2
34688,ED-C89B04F4DD
34706,ED-FF4C3A627E
34707,ED-D748AC3431
34708,ED-CD2FD70108
34709,ED-2DDEFE7743
34710,ED-37D7A872FB
34711,ED-3C649A9BAE
34712,ED-A9C849C384
34713,ED-339DEDD026
34714,ED-CA4D73418C
34715,ED-9B2E1FB38B
34716,ED-72E644CD4B
34717,ED-303B4C2F24
34718,ED-621A0C64ED
34719,ED-3DFE3D8502
34720,ED-B5972DAE4E
34721,ED-2D78D5853A
34722,ED-7B2F26B901
34723,ED-906BB09247
34724,ED-8A56BFBD54
34725,ED-76327BE554
34726,ED-57FB64390B
34727,ED-01E59C6E5A
34728,ED-49B15B62A5
34729,ED-5E161C75D0
34730,ED-FBE2EB9098
34731,ED-7FCFAA9340
34732,ED-E0D863E557
34733,ED-1BE6CD04D5
34734,ED-355F8E941F
34735,ED-849A71EFDA
34736,ED-81C54B09AE
34737,ED-6D3F702432
34738,ED-F2B5A1C4E3
34739,ED-DA4DFAFB19
34740,ED-2B8E4E2612
34741,ED-E11FEDED0B
34742,ED-61B457F3C8
34743,ED-5D3279C9FB
34744,ED-6AAEA5E8D5
34745,ED-725CB519C5
34747,ED-FB4FEA80FB
34748,ED-9DFBA96CF2
34750,ED-44C0DABA90
34752,ED-42509EC973
34753,ED-56FC72693F
34757,ED-018580CE12
34758,ED-0B2C6A16E3
34769,ED-DDB66B13F4
34775,ED-5A62E71BC8
34779,ED-69A7A991D9
34780,ED-EDE830767B
34781,ED-235602CA49
34782,ED-3D62072959
34783,ED-8C295181AB
34784,ED-FCFA13F17F
34785,ED-7609922A60
34786,ED-33CA3E03B7
34787,ED-9E97E9C963
34788,ED-7EA3B56010
34792,ED-C373A9915B
34793,ED-A45445DF66
34794,ED-F34D520B54
34795,ED-C231A301FE
34796,ED-BE938DFDCF
34797,ED-C438E6430D
34800,ED-45722866F8
34801,ED-39BD52CB2B
34803,ED-729BC5DA3E
34804,ED-BB0EFAD388
34806,ED-BDECB5038B
34807,ED-42E5E4CF3C
34808,ED-81C78B61AE
34810,ED-98ABC825FF
34817,ED-EF8121847E
34818,ED-1619B58379
34819,ED-9ACD63DD95
34820,ED-AD8079FF2C
34821,ED-39D1487185
34822,ED-531C7FB8A3
34823,ED-80BA077928
34824,ED-F4F60F0084
34825,ED-6A408FF5E0
34826,ED-6CA868590C
34827,ED-9A0622AC28
34829,ED-0552529665
34830,ED-6286E771CC
34833,ED-E5C752887D
34834,ED-6682AEC758
34835,ED-C0C8C11512
34836,ED-2413E760B4
34837,ED-9491D02572
34838,ED-7B3DA9F7E3
35370,ED-E18E159F97
35371,ED-23032C24D5
35372,ED-15727E1BA3
35373,ED-930F75EF4C
35374,ED-413D2BA6F9
35375,ED-984F5E9089
35376,ED-C148052D03
35377,ED-1D15E92C05
35378,ED-CC8C59A7CB
35379,ED-5AA57FDCA3
35380,ED-D6CBDE4C2A
35381,ED-A85F2BEFF6
35382,ED-C72F3831BC
35383,ED-FA284FCF8C
35384,ED-95F44481AE
35385,ED-6115195E0E
35386,ED-9F90216400
35387,ED-9B4F28AF1C
35388,ED-AE17AA49D3
35389,ED-1AD8F8F872
35390,ED-2CB49FB0BF
35391,ED-52BBE60566
35392,ED-BE34EE0FE1
35393,ED-77952EDF9A
35394,ED-153416B6E8
35395,ED-1CC2A64D70
35396,ED-51CBA335A7
35397,ED-94FD39F5E6
35398,ED-BA9A93FE37
35399,ED-00FDF933EF
35400,ED-DA06905099
35401,ED-759C655ACF
35402,ED-7A20B9C7C1
35403,ED-358CA6C310
35404,ED-1B2723D2D3
35405,ED-FEC724DB2F
35406,ED-BC2A1962E8
35407,ED-ED0B211151
35408,ED-0B8D5D5F4A
35409,ED-8932FC1D00
35410,ED-509D6FB7E0
35411,ED-F9943B9EE7
35412,ED-0DB98EB34E
35413,ED-1E90B50E29
35414,ED-ABBD4EB5EF
35415,ED-272A51FD6E
35416,ED-1BBC69F122
35417,ED-7C0B3A1166
35418,ED-5B80383483
35419,ED-6309D7BC46
35420,ED-2BC776757A
35421,ED-0C5D7E2A0E
35422,ED-26D9592E6B
35423,ED-C10D768D6E
35424,ED-1D83C1BDE2
35425,ED-4C655905B4
35426,ED-AD19928C3A
35427,ED-905F35A50B
35428,ED-4DE77AD47E
35429,ED-5C6A40FAC6
35430,ED-7090B32902
35431,ED-DB4C33CC35
35432,ED-46290C9F3E
35433,ED-266681B1BA
35434,ED-B1D6DB037F
35436,ED-5BC90DC905
35437,ED-3EAF38692E
35438,ED-BC45FF1CFD
35439,ED-8FDB033F4D
35440,ED-0B4581E71D
35441,ED-1342A453BD
35442,ED-386D3BC799
35443,ED-E07E98D285
35444,ED-B14E3F1913
35447,ED-B261779A86
35449,ED-458F98F43B
35450,ED-802AC90466
35451,ED-167A4E92E3
35452,ED-A0DCDB3782
35453,ED-F37F1C7C54
35456,ED-820B4F9EA0
35458,ED-3A0CD46187
35462,ED-6E0F7054A0
35463,ED-C6E8C39392
35465,ED-8F48043A0A
35467,ED-812EE34529
35469,ED-69101F79D2
35470,ED-2F3A835817
35471,ED-9259F4F83E
35473,ED-89FFC04DE7
35477,ED-3375083769
35478,ED-0A8375E78B
35479,ED-C99EA7C703
35480,ED-E5E4BE1BE5
35482,ED-0278BE5743
35483,ED-A853B11146
35485,ED-9BB6686969
35486,ED-C768A17709
35488,ED-661432C795
35489,ED-C4AC544DD3
35490,ED-E215E114A8
35491,ED-F4BDE8C513
35492,ED-B380E3575D
35495,ED-EBB41A9833
35496,ED-D49B138E59
35497,ED-F48E99CD82
35499,ED-12572AB877
35500,ED-9B3878BBA7
35501,ED-1792009879
35502,ED-E00F0412C7
35503,ED-B0E67290A8
35504,ED-37D6AFFFA5
35505,ED-65A017C584
35506,ED-A9F96EAF32
35507,ED-B2A1BBA3FA
35508,ED-6E5CA3A1D3
35509,ED-922DCB73A4
35510,ED-930CC2180C
35513,ED-70E66FE185
35514,ED-4E43956EE9
35515,ED-1EE49F1064
35516,ED-E50193C31E
35517,ED-DDD6C4502B
35519,ED-6266E80F8A
35522,ED-739018D9E0
35523,ED-F04E21A39A
35524,ED-637C6042A0
35525,ED-742AD86451
35526,ED-48753FF925
35527,ED-B00401B040
35528,ED-AB9B1AC482
35529,ED-D22A3A6C92
35530,ED-18E4D9956B
35531,ED-881B30422D
35532,ED-464634F361
35533,ED-B3E0324665
35542,ED-D9625BBCEA
35543,ED-7A046F09A6
35544,ED-5E460050A7
35546,ED-3CACFA85BE
35547,ED-F99FC64738
35548,ED-299B355702
35550,ED-35FA878033
35551,ED-0CF87BAFED
35552,ED-1B64975BEB
35553,ED-4F11C6565B
35554,ED-C994716823
35556,ED-35ACC1E442
35557,ED-A20E2FF072
35558,ED-1F00ADB89B
35560,ED-E0FEA94BAB
35561,ED-AB25DA8FD9
35562,ED-FE550E5837
35563,ED-C411829CB0
35564,ED-41995E7205
35566,ED-2CBB20CB89
35567,ED-667DEDEF21
35568,ED-04EDF45466
35569,ED-7B98FA12CA
35571,ED-2BF0698FAB
35572,ED-5DE42116CD
35573,ED-1D9049986B
35575,ED-42C3317029
35576,ED-28F8E67374
35577,ED-77124E4872
35578,ED-10265ECA2D
35579,ED-64CE8725B8
35580,ED-D92494B14E
35581,ED-379BCC5DC9
35582,ED-B4BA284071
35583,ED-20306CD25E
35584,ED-33B10CA1D9
35585,ED-591CB40153
35586,ED-5D0E5CF4FC
35587,ED-F3400CC06E
35588,ED-573E23A3A1
35593,ED-646BE802B2
35602,ED-629CE31823
35605,ED-1F9FBA015C
35606,ED-6922698914
35614,ED-5C9A746D7A
35616,ED-338D86F189
35617,ED-4254311A75
35622,ED-C2EAEB94C7
35625,ED-92AD1EB5C6
35627,ED-6462F39D2A
35628,ED-A1BE8EC638
35629,ED-33A2B21FE1
35631,ED-087A0AD227
35632,ED-BAEB87810C
35634,ED-27D563884B
35637,ED-DB24906B19
35645,ED-15C4DAA0D9
35647,ED-A500BE2AB8
35648,ED-9CCFF3E982
35649,ED-53A814CA4E
36839,ED-5E9C20A4D8
36840,ED-60749A798C
36841,ED-4551B89E94
36842,ED-54BA8ED2A9
36843,ED-F8E6B83A92
36844,ED-16173ED98D
36845,ED-EF0DBBEC50
36863,ED-0C2DE5F28F
36871,ED-D75EB5F2A9
36900,ED-EDB510C054
36912,ED-720F8D3317
36917,ED-22E1B6522C
36928,ED-2EED3A4805
36931,ED-C8B4706D3A
36937,ED-DC226C85C6
36939,ED-CA80117F8E
36941,ED-44C9494A46
36942,ED-DA54FF4611
36944,ED-E7B99697AB
36945,ED-1F449C448A
36946,ED-7A83AF501F
36947,ED-164F24F710
36948,ED-84DDD61A7B
36949,ED-FCAC45269A
36952,ED-97F230084A
36954,ED-022ED921E1
36955,ED-A269463FBB
36956,ED-4C57288F4E
36959,ED-99F56FCE0C
36961,ED-C9B7FEAD51
36962,ED-0EB5FF36FE
36963,ED-0DFF222EE3
36966,ED-A27E4F6E4A
36968,ED-8B4FD6B1A4
36971,ED-8162F347A1
37016,ED-1B7BDCA43B
37017,ED-D12E046D52
37018,ED-0986150C84
37020,ED-832952EBF5
37021,ED-E339A3AED6
37022,ED-C959BC0CC3
37025,ED-8584989671
37026,ED-CB11FE67CC
37028,ED-B09D6406E3
37030,ED-9C72E66F94
37058,ED-1D145A8908
37060,ED-5DA06B55CE
37062,ED-FFECE8E321
37063,ED-619D0AE7F0
37067,ED-838FDAC165
37069,ED-EAD3D7BF71
37163,ED-B506A56542
37166,ED-D28A9F2916
37171,ED-1D85191A15
37188,ED-B5A56947EC
37189,ED-40C1B6D7B9
37190,ED-6876A7225F
37191,ED-717E110523
37192,ED-C81484DFCE
37194,ED-C454BE53AB
37196,ED-9123FBAC42
37202,ED-866BC6F6B9
37208,ED-8310AFE44B
37216,ED-3C590162C9
37219,ED-15D8F1ACE0
37220,ED-D4D17EEA64
37224,ED-62CE6B28DF
37227,ED-BFAE7FE1F9
37236,ED-AED44E896F
37238,ED-16FC473489
37244,ED-B95D9442EE
37249,ED-7A1304C99A
37251,ED-99B65124F7
37253,ED-8BBB0094E6
37258,ED-D2075EAA73
37269,ED-7F3F2DFA1F
37273,ED-F2B040A6D9
37277,ED-F1F0ADB5B7
37282,ED-F46063BEF8
37292,ED-D399316E0D
37294,ED-B97737946E
37297,ED-9D3D4DAE4B
37298,ED-667DEDEF21
37299,ED-3D8FF03A3D
37301,ED-EB71CA1C7D
37302,ED-E760251568
37303,ED-E08BCBA3EC
37304,ED-29653C42FE
37307,ED-BAE359FDC6
37308,ED-9721990921
37312,ED-2367F40EDC
37316,ED-2FD0A89149
37324,ED-E47D5653AD
37327,ED-90680224CC
37331,ED-57455909DF
37333,ED-D6F8EE52B4
37335,ED-8C327E7157
37354,ED-7B89CDCF65
37358,ED-2429A1270D
37369,ED-6D933E1052
37375,ED-607F8B8E61
37381,ED-93C61E52FD
37387,ED-8D16D48A3B
37390,ED-1AE3CA7B7D
37395,ED-30BCF05DB8
37397,ED-E9FC09026D
37398,ED-C8F354C6BD
37400,ED-C5A583A8D2
37401,ED-CC4A6BEC66
37403,ED-71C9918A10
37404,ED-BC94C1F8AD
37406,ED-5032600769
37415,ED-118150D4F0
37418,ED-B205EBFA83
37422,ED-D12B7DB56D
37965,ED-5885BFFAE7
37988,ED-8E767DC948
38250,ED-3F37354EC3
38251,ED-EB7BD0365F
38267,ED-820B4F9EA0
38268,ED-F902C03C1E
38269,ED-A63F3608B3
38270,ED-661F9D445C
38271,ED-0F4CE3815D
38273,ED-1EC11CEE51
38274,ED-AA10FBB736
38275,ED-D0A4336888
38276,ED-88B6214226
38277,ED-BB9AAE47C6
38278,ED-774E604F2C
38279,ED-4EAA669D5C
38280,ED-DA38451B09
38287,ED-B3C3EFC305
38288,ED-B637C07963
38290,ED-92A8ED3184
38291,ED-A885F69575
38292,ED-6C734AD5BF
38294,ED-0962D9CA0E
38295,ED-5D2EE2E7D5
38296,ED-B987425B5D
38297,ED-271F37F28E
38384,ED-94D4227B68
38388,ED-45E7115F24
38396,ED-D6B1A1D6A2
38402,ED-1CBCA069C6
38404,ED-CC1E09F9B6
38411,ED-453E3950FC
38413,ED-0F9B3AA61E
38416,ED-D9E4986C68
38417,ED-6DA252D5DB
38418,ED-563A6F81EE
38419,ED-577F4F95EA
38423,ED-EE7F746E41
38425,ED-8F06B36929
38430,ED-EF664D255E
38432,ED-FA3149C88C
38434,ED-7F8859CF81
38437,ED-8E801F6151
38441,ED-24298026B4
38493,ED-289707EA64
38495,ED-6F3574C5DD
38497,ED-0FA9F9B0ED
38499,ED-0A375BB4BA
38504,ED-674237E9E3
38506,ED-BF5C3DF502
38509,ED-8BF94B78BD
38510,ED-A3846C2DAD
38513,ED-2E3CAB024D
38514,ED-55CD6CFCEA
38520,ED-4C04541599
38527,ED-D0CCB8FD29
38529,ED-95577668EC
38531,ED-5BB4376CD3
38536,ED-EDBD686C5D
38538,ED-510FACDCFB
38542,ED-BD386F18BD
38546,ED-1E946C6B8D
38552,ED-D37FAE8209
38560,ED-FA39867B3D
38562,ED-E06C03F55F
38566,ED-B3DB4F103B
38589,ED-C5B478950C
38594,ED-FE423EC9A2
38595,ED-81E87CA84B
38600,ED-7D90FEADF4
38601,ED-9B1569AF1C
38602,ED-D4CB121CC6
38603,ED-EC0F0E26D3
38604,ED-12E2C72C86
38605,ED-D41B002884
38606,ED-294937C26D
38607,ED-FCD28932A5
38608,ED-EB25F03DC3
38609,ED-2D8C8B5D7B
38610,ED-D26CEE5751
38611,ED-EAE1E3568E
38612,ED-A386853DA7
38613,ED-DE29626696
38614,ED-B75D909D67
38615,ED-06D8B00CA6
38616,ED-4ED881AF76
38617,ED-58CCCFDC26
38618,ED-C2649D28AD
38619,ED-AC936E52F4
38620,ED-C126701090
38621,ED-92AE3F1297
38622,ED-C62207DFDC
38623,ED-13DFC6189D
38624,ED-95577668EC
38625,ED-9A937B5BAB
38626,ED-792396E7AE
38627,ED-F2EA0D953D
38628,ED-C759D9AD92
38629,ED-1173C90561
38630,ED-038778DCD6
38631,ED-8E71596293
38632,ED-D6D5460331
38633,ED-FC4B47C606
38634,ED-37BBFEF3AF
38636,ED-74031B692B
38637,ED-4452FA0ABA
38643,ED-70ED259A71
38644,ED-B25578B413
38645,ED-77A74D82A9
38646,ED-70475618C5
38647,ED-F1B494BB36
38649,ED-F252F9A5C6
38651,ED-548FC110CC
38653,ED-2E7B0DBE0A
38659,ED-CFD8CB3F71
38661,ED-2402DF5D97
38662,ED-688AEA8DCA
38663,ED-AF69B2E790
38664,ED-B9B5653012
38667,ED-E7545FC0B9
38668,ED-B1691134AA
38671,ED-6F2E94AC89
38672,ED-4F7ABDB72C
38674,ED-BC42C25EDF
38676,ED-3D95729F3C
38683,ED-E701348D7C
38687,ED-2AD12ED264
38690,ED-BD04A627DE
38695,ED-14D322314C
38735,ED-2F12E8DDBE
38736,ED-5B5D6978E3
38737,ED-ACF9E5B7AD
38738,ED-7287EA861F
38739,ED-11FABBC460
38740,ED-C55050A14D
38741,ED-C0327142EC
38742,ED-E59BDCCE2A
38743,ED-E7118A6DD7
38744,ED-6732F16FD0
38745,ED-C9AF8571B8
38746,ED-BFF6C58C45
38752,ED-134D670986
38757,ED-661405228E
38759,ED-3FAB67316F
38762,ED-E64D3B37DD
38764,ED-152033B506
38768,ED-903CB59034
38776,ED-42980EC5C3
38811,ED-0D689BBE56
38819,ED-BC0CD17A95
38830,ED-BBA3BA8908
38835,ED-5060AA10D3
38839,ED-84D1BD0CDB
38843,ED-011BA2C21E
38846,ED-16B738047F
38849,ED-5C23D67B50
38851,ED-C21D50E5FE
38852,ED-25C11C13A1
38856,ED-52E5296F94
38857,ED-C217024DB5
38859,ED-DD1BDEC47F
38860,ED-78BFF9937C
38862,ED-E78034A3BC
38880,ED-E1E9CE1FAB
38886,ED-2B4EACF82B
38899,ED-F38970D3F1
38902,ED-CCF5B49BD1
38908,ED-44701C07CE
38913,ED-A39C213C26
38915,ED-B922EEF2CA
38918,ED-D05B0C25F3
38923,ED-9F4EDDE2C2
38926,ED-06898BB466
38928,ED-AAB067E95B
38930,ED-950A2E43A1
38932,ED-204BB003DE
38934,ED-B5FBF81D50
38941,ED-C2EFA9E0FB
38944,ED-D70E5D2BDD
38956,ED-3CE3ECB170
38958,ED-A1A5B728EF
38960,ED-A27F0BD0FB
38967,ED-D850C143A8
38970,ED-2E1485E187
38971,ED-1104D617B6
38972,ED-125B123B1F
39005,ED-88E3551CB7
39006,ED-370861F3CC
39007,ED-C48154DA9E
39008,ED-5D3B0D231D
39009,ED-97AF684BDA
39010,ED-AE438EBECB
39011,ED-C84A3A3BDC
39012,ED-DDBC5FC1A0
39013,ED-650E2F0E1A
39014,ED-24F48F4BCE
39015,ED-593DCA3255
39016,ED-0D42E69700
39017,ED-C28AD25ACF
39018,ED-1DDFE19893
41413,ED-53A814CA4E
41496,ED-667DEDEF21
41497,ED-A1094DD69E
41548,ED-D26526C650
41578,ED-AE1590BE6E
41580,ED-5DC110D2D2
41642,ED-8987CA81B9
41644,ED-3CAA2AA464
41649,ED-F853F864F0
43295,ED-AD1BA9DCE0
43300,ED-505E1237BA
43301,ED-73E2719166
43390,ED-6B8A4E30E5
43653,ED-422419888F
55192,ED-EF8121847E
55202,ED-51D83B3793
55204,ED-5AB8F90511
55208,ED-AC2EDDDEB1
55211,ED-CF30EE3615
55213,ED-F64B1C6276
55222,ED-CC8C59A7CB
55226,ED-3E836AFF6E
55229,ED-E30C542390
55232,ED-C217024DB5
55236,ED-6D0E982576
55240,ED-339DEDD026
55244,ED-CBF013C4DF
55247,ED-15727E1BA3
55248,ED-FCD28932A5
55249,ED-5CD2E16370
55251,ED-AE17AA49D3
55253,ED-2B40CCEBD6
55257,ED-2424439935
55259,ED-3E9FC06582
55265,ED-A5D1B5AF61
55266,ED-BFF6C58C45
55267,ED-33793C3D5F
55268,ED-6115195E0E
55269,ED-55B938E2FE
55270,ED-5385FD6D3C
55271,ED-2CB49FB0BF
55272,ED-0FC752CA16
55273,ED-E814F8278A
55274,ED-15D8F1ACE0
55277,ED-6D8F7095D5
55280,ED-85138CDB89
55284,ED-E545864600
55287,ED-A500BE2AB8
55290,ED-F0305716FE
55292,ED-8A56BFBD54
55296,ED-77952EDF9A
55299,ED-BDD4137BEA
55303,ED-3D8FF03A3D
55305,ED-8A56BFBD54
55315,ED-33793C3D5F
55319,ED-ED0AC68A8B
55323,ED-1BBC69F122
55325,ED-8BF94B78BD
55330,ED-7964BDDC01
55335,ED-4F434A7FF1
55341,ED-86CA2FACD5
55347,ED-67DF2199A8
55361,ED-8EDEB0E460
55365,ED-EE7B322924
55368,ED-6922698914
55370,ED-5B80383483
55371,ED-8BF94B78BD
55373,ED-930F75EF4C
55375,ED-EE7B322924
55378,ED-F3E6EC0A6C
55382,ED-382E2CF566
55386,ED-DED08A881D
55388,ED-C10D768D6E
55392,ED-80BA077928
55393,ED-62E26EB155
55412,ED-0D13C5443E
55438,ED-205FF8200C
55445,ED-2B479A4F32
55446,ED-2B479A4F32
55454,ED-2C073FF6F5
55466,ED-6145453310
55474,ED-E1706EB6B2
55634,ED-F46063BEF8
55643,ED-6D0E982576
55647,ED-1A0961350F
55648,ED-5E9C20A4D8
55649,ED-C5C7155C41
55652,ED-9A1311935E
55656,ED-76327BE554
55667,ED-E4DABB5B1C
55671,ED-8E801F6151
55673,ED-2CB49FB0BF
55676,ED-FCD28932A5
55679,ED-A25B273BC9
55682,ED-9366458845
55683,ED-6C0CB7299A
55685,ED-F35469B922
55686,ED-D9D0641D52
55688,ED-ED0AC68A8B
55691,ED-E47D5653AD
55693,ED-831874C061
55696,ED-0B4581E71D
55698,ED-5BA9634195
55721,ED-950A2E43A1
55722,ED-458F98F43B
55724,ED-C5F0F08219
55728,ED-4254311A75
55731,ED-BC2A1962E8
55733,ED-4160703A29
55734,ED-E1706EB6B2
55735,ED-9863EC601C
55737,ED-661405228E
55740,ED-1D033496C6
55743,ED-5D2EE2E7D5
55744,ED-C5C7155C41
55746,ED-607F8B8E61
55748,ED-5C23D67B50
55749,ED-2FD0A89149
55751,ED-1F84B8CAAE
55753,ED-C89B04F4DD
55754,ED-E6038536BB
55755,ED-997E44EC7E
55757,ED-B7BAEBCA6F
55760,ED-8E801F6151
55765,ED-2BC776757A
55766,ED-FB70E5E8A3
55773,ED-BD386F18BD
55774,ED-FFB6E5D6BC
55777,ED-99D45C4631
55782,ED-6F2E94AC89
55787,ED-1AC8339E70
55790,ED-A25B273BC9
55795,ED-AD7E4D204B
55799,ED-20306CD25E
55801,ED-FC50D93ECA
55806,ED-6922698914
55811,ED-3FAB67316F
55822,ED-F46063BEF8
55824,ED-F35469B922
55826,ED-94F3ABEEDB
55827,ED-1342A453BD
55829,ED-6115195E0E
55855,ED-ADFBC1E15C
55859,ED-322FD708C1
55861,ED-5B80383483
55864,ED-4254311A75
55869,ED-4EAA669D5C
55871,ED-A76BB1D099
55875,ED-820B4F9EA0
55878,ED-70475618C5
55879,ED-9A1311935E
55880,ED-0F9B3AA61E
55882,ED-C582909E98
55887,ED-DA38451B09
55889,ED-A25B273BC9
55891,ED-18989EDAED
55913,ED-7D5B938B10
55914,ED-4D9B474FAF
55915,ED-2B40CCEBD6
55917,ED-DA0725E0C7
55918,ED-5608201662
55920,ED-087A0AD227
55921,ED-B9E08C1D55
55922,ED-E06C03F55F
55923,ED-1276D1E3FA
55924,ED-F3E6EC0A6C
55925,ED-43E8CB55B3
55926,ED-0ECA35D053
55928,ED-B6A7DDEDFA
55929,ED-ED05FAD6BF
56408,ED-B93ED35109
56409,ED-CD2B55A320
56410,ED-134D670986
57002,ED-327F563129
57477,ED-4430907DC8
58814,ED-51AA175458
58822,ED-CCF5B49BD1
58831,ED-5E295B69BB
58843,ED-FC8B6AE9F8
58850,ED-FDA55D596B
58851,ED-4C385DE525
58854,ED-BF0133A28A
58864,ED-0C0486F51F
58868,ED-A269463FBB
58869,ED-E4DABB5B1C
58870,ED-046F646B1D
58871,ED-AE17AA49D3
58872,ED-F671DAB3DA
58873,ED-93D5EBADAD
58874,ED-B25578B413
58875,ED-1276D1E3FA
58876,ED-87EBD50418
58877,ED-2033DAFE31
59589,ED-2402DF5D97
59590,ED-E0FEA94BAB
59591,ED-DF002B2352
59592,ED-FE423EC9A2
59599,ED-338D86F189
59600,ED-24C0E0FF5B
59601,ED-51CBA335A7
59602,ED-A25B273BC9
59603,ED-A7C86D720A
59604,ED-B14E3F1913
59605,ED-3181E3CD17
59606,ED-A76BB1D099
59607,ED-0FC752CA16
59627,ED-B14E3F1913
59629,ED-A25B273BC9
59633,ED-3D8FF03A3D
59634,ED-3F37354EC3
59635,ED-90680224CC
59636,ED-9BB83A6739
59637,ED-8E2F4E4FBD
59638,ED-C669AFD3DC
59639,ED-E4DABB5B1C
59640,ED-67DF2199A8
59642,ED-CCF5B49BD1
59645,ED-7B690FEAB1
59648,ED-C582909E98
59650,ED-950A2E43A1
59656,ED-EDC01FEC22
59657,ED-BDD4137BEA
59658,ED-A5063EBDBD
59659,ED-AD8079FF2C
59660,ED-EDC01FEC22
59662,ED-59DC8FD7DB
59667,ED-19E693FE9B
59671,ED-6C021ADA57
59672,ED-BC0845FEE7
59673,ED-0B4581E71D
59674,ED-CF30EE3615
59675,ED-3C590162C9
59676,ED-752336269C
59677,ED-7D3DF0DBFF
59686,ED-060947E643
59689,ED-BFAE7FE1F9
59690,ED-950A2E43A1
59691,ED-087A0AD227
59694,ED-818D78C95F
59699,ED-85138CDB89
59700,ED-7E46FE2F57
59701,ED-A5851867A1
59703,ED-5ABEB1BA79
59704,ED-C669AFD3DC
59705,ED-5B80383483
59706,ED-BC456874CA
59709,ED-B95CCE0D3D
59710,ED-10B866B13C
59712,ED-3A7A6FD40C
59713,ED-F2B040A6D9
59715,ED-4EAA669D5C
59718,ED-7FD5D72796
59723,ED-19E693FE9B
59727,ED-B489EBFA53
59732,ED-984F5E9089
59733,ED-FDF9A8660F
59736,ED-00FDF933EF
59744,ED-ED0AC68A8B
59753,ED-EB159D6520
60433,ED-9863EC601C
60435,ED-94D4227B68
60437,ED-8A56BFBD54
60438,ED-0A375BB4BA
60440,ED-21A7899A39
60441,ED-4C385DE525
60447,ED-BF0BFD6D0A
60450,ED-F902C03C1E
60453,ED-0B8D5D5F4A
60454,ED-A0B5E71D04
60455,ED-BDD4137BEA
60456,ED-B4BA284071
60458,ED-64AE123981
60459,ED-DE5228764F
60465,ED-AD8079FF2C
60467,ED-A6AA30E3D8
60468,ED-950A2E43A1
60470,ED-A2EF188ADD
60491,ED-A1A5B728EF
60493,ED-5124C60D77
60496,ED-189B1FB9EF
60497,ED-A25B273BC9
60504,ED-1BBF4EBAD9
60508,ED-898B941758
60511,ED-ECDD57DFBD
60514,ED-950A2E43A1
60519,ED-561E679354
60521,ED-5385FD6D3C
60522,ED-2553FAC0AC
60526,ED-90C4EE8DE4
60529,ED-D0CCB8FD29
60530,ED-AF69B2E790
60533,ED-05E4148CED
60534,ED-4EAA669D5C
60538,ED-F2B040A6D9
60546,ED-02503A815A
60550,ED-C18727A777
60555,ED-84D990125D
60556,ED-1AD8F8F872
60557,ED-02EF0AF9EA
60559,ED-CCF5B49BD1
60560,ED-A1A5B728EF
60561,ED-F67C5B2E89
60567,ED-C5B478950C
60570,ED-BC456874CA
60572,ED-2F3A835817
60576,ED-CE102840C0
60579,ED-EDC01FEC22
60581,ED-0A375BB4BA
60588,ED-2B479A4F32
60591,ED-39194091D7
60594,ED-A82D3DBA27
60599,ED-A985822412
61614,ED-6B8A4E30E5
61616,ED-422419888F
66873#1,ED-077633F5E6
68956,ED-6920C40B1A
68957,ED-3B82A5EE61
69626,ED-1952845903
69678,ED-16A5073D03
70755,ED-A5C185917B
300398,ED-5346312395
300425,ED-57441C1003
300432,ED-422419888F
300435,ED-786BB6017F
78070,ED-99B5215AF5
78071,ED-34F00FE5B1
300537,ED-3CC768BA95
300538,ED-EAE1E3568E
79413,ED-99B5215AF5
19900,ED-CF3C814CD6
30311#1,ED-C72396CB1D
30311#2,ED-6A7AC97C36
42715,ED-6C6FD3D1CD
60674,ED-C544709209
1877,ED-A62C23262D
34178,ED-2C8B5E5BDA
19760,ED-6FD922942F
43001,ED-300DA18369
45586,ED-F3C8B53F19
42377,ED-CF3C814CD6
60680,ED-702DD3B659
26584,ED-2E032F647D
42918,ED-9A356C5404
1840,ED-2A52F76D38
19817,ED-F20DF7BE82
19794,ED-5886DCE4F1
42775,ED-64F138CD3E
26644,ED-6083424F36
37962,ED-286B2E1B17
19860,ED-26AA1E4313
19837,ED-661A7AB8EA
40568,ED-48E34876BD
79150,ED-3825C13930
1834,ED-9E469ACFC3
20321,ED-6845BDCB42
26558,ED-6845BDCB42
66946,ED-639E1F0424
20358,ED-9CC500511D
42838,ED-DB228EA01C
61153,ED-6083424F36
37968,ED-5BEE446B76
19774,ED-A3DD24E417
19923,ED-E901F4F551
20398,ED-A536B8949B
26518,ED-817B8BD6B9
42334,ED-199B2B00BE
53743,ED-21D28DDF24
19757,ED-1FA24A3D18
34175,ED-2C8B5E5BDA
43004,ED-26A5D67990
26641,ED-BE848475DE
1857,ED-077633F5E6
20381,ED-300DA18369
19857,ED-A3F6264134
42921,ED-F8B71CFDC8
26581,ED-AF524F7462
37942,ED-0D7D357157
19903,ED-4B169B27AC
42380,ED-2387839A3E
37948,ED-98208D66F5
60677,ED-20C4C24E3E
69636,ED-1952845903
86,ED-AA211E5E58
79176,ED-0A4108EAD6
61156,ED-DDC8092AE3
1860,ED-ADB66D776A
26624,ED-74DD742DB6
43396,ED-215CE33526
20404,ED-044BE5145A
1880,ED-7A62AEABD0
26604,ED-300DA18369
26667,ED-0C47289DD7
26561,ED-224A365C4D
19920,ED-5CB7100E0D
42941,ED-DB228EA01C
53222,ED-C35B000CED
19829,ED-378B7E9DC1
40723,ED-81B742BACB
42383,ED-93585EECE9
1806,ED-B7913A9FC3
19783,ED-08711F0067
42761,ED-DEE32D73F4
20324,ED-B83956A3B1
70957#1,ED-4D8F9C140C
301596,ED-3C98D10067
68910,ED-8DDF31B14D
1846,ED-2C3D51164C
19906,ED-8F3242BAF6
19846,ED-5C97327C27
26676,ED-0E9C07F316
42366,ED-4872D33EBD
300401,ED-E8AD8D647A
19892,ED-1DAE3D6B2B
20347,ED-022718C595
42320,ED-22F06E6D56
40554,ED-08711F0067
41888,ED-BF48C72249
26590,ED-C99CF8DEF4
37951,ED-79F654059F
1800,ED-A338DE0EC9
1863,ED-71085CBBF3
26670,ED-31EEAE8A04
42323,ED-20FFD2087F
42346,ED-EB3BAB3F29
60683,ED-E75C069688
19743,ED-99B5215AF5
20407,ED-46A21B7922
19766,ED-BFCD38114B
26527,ED-ED0B778409
26550,ED-0767034BD5
19823,ED-2A9EB8E32F
26570,ED-2E185DC38B
42389,ED-B205EB00F1
1869,ED-F1FE6B9CEA
20370,ED-BAEF8AF374
26607,ED-1045886996
37931,ED-D5E3215DED
19929,ED-F1390A48E9
60646,ED-4872D33EBD
20413,ED-4EBBFB6CE4
37974,ED-AE78FAAAFA
20364,ED-9CEF71E57D
61145,ED-D40E717B12
301689#1,ED-81427DD5E1
20327,ED-42F47E4241
70954,ED-3CB0BFFD9A
20350,ED-74824D1200
36998,ED-39BC7A2EE8
40534,ED-6FBA520DF0
1803,ED-F258D062B4
30314,ED-705776EFB8
42386,ED-0843CC2E3F
19786,ED-34762064E9
68913,ED-8A92BC6529
19763,ED-E78396AFE0
41576,ED-817B8BD6B9
42363,ED-71085CBBF3
26547,ED-CE88E04679
1843,ED-0AB1E714ED
26633,ED-EE230716C1
43405,ED-9EA1EBC91F
43013,ED-218087F58E
20390,ED-0767034BD5
26587,ED-6C6FD3D1CD
42326,ED-EB3BAB3F29
19746,ED-6136C9FF6C
19912,ED-306996D4DB
20410,ED-8890A70C65
19889,ED-34A97CD25C
20387,ED-E819E874F6
42655,ED-15A316B442
42821,ED-67B9CF2AEF
60686,ED-E819E874F6
1866,ED-B0CE9BFF63
40471,ED-E251D96080
54708,ED-DDC8092AE3
64576,ED-7FD2B463D0
26673,ED-15A316B442
26653,ED-9CEF71E57D
26510,ED-91633C05C7
19869,ED-C606763BC8
37928,ED-269DE89552
40683,ED-C9A98CC897
19826,ED-23E1FEFC97
26567,ED-C396B25F09
20367,ED-68F6CF6D33
26610,ED-0CB2A6471E
37038,ED-6BC9D2F31F
1852,ED-38CF754ED3
26659,ED-218087F58E
42312,ED-6FD922942F
1875,ED-8B4FED2E65
20399,ED-30C321CDE2
34176,ED-2C8B5E5BDA
42335,ED-23E1FEFC97
42999,ED-9CEF71E57D
60672,ED-F3AB2A4713
1829,ED-95D48E91D6
61151,ED-A142F29A11
20330,ED-2C3D51164C
32988,ED-4952194245
42807,ED-26A5D67990
41579,ED-AA938A3305
66944#1,ED-639E1F0424
301549#1,ED-07C0BAF390
20376,ED-0B621C09E8
42853,ED-96BF444FE9
20353,ED-E4FF2A61FD
42289,ED-E8AD8D647A
19752,ED-AF8B353614
19858,ED-978A273708
42329,ED-FD5A282AE7
42876,ED-6539A9629F
26642,ED-E4FF2A61FD
79168,ED-68F910631F
42813,ED-4ACCB7F53C
19898,ED-15A316B442
42375,ED-36F3AF038F
53738#1,ED-539E604F12
300564,ED-05DF71290C
19792,ED-83D84CA518
81,ED-F1390A48E9
19915,ED-291A749257
37937,ED-DE4E34EDD9
37960,ED-A0A9A2CFB5
19835,ED-4845C77141
66458,ED-AAC89E5DA4
42850,ED-A1548480A4
42936,ED-2387839A3E
26556,ED-F2648412DE
40586,ED-0CB2A6471E
60609,ED-95250F9178
19921,ED-2A0793E36B
19772,ED-A16993B587
20313,ED-064E95B47D
69611,ED-16A5073D03
19872,ED-AA211E5E58
26513,ED-E704E72E23
60652,ED-C99CF8DEF4
42810,ED-6337338D03
26516,ED-FEC6A5F49F
61148,ED-529F5F66A1
19878,ED-4872D33EBD
20373,ED-3315640DF8
301599,ED-1B7719514A
1855,ED-B8B29FD492
56967,ED-FF48057EC4
1832,ED-9ACA30F1B0
20379,ED-0CB1311020
56798,ED-4BDB8D8F4D
19895,ED-A5B1FE8FC1
37940,ED-875E52CCFD
60669,ED-F8B71CFDC8
26679,ED-77E00FD633
42332,ED-9AE0A74B9C
1849,ED-A93F1E941A
19749,ED-96BF444FE9
20436,ED-AC72058DC4
26639,ED-D40E717B12
53741#1,ED-6136C9FF6C
60675,ED-B0CF2E4606
79211,ED-611E269E25
26553,ED-95516332CC
1815,ED-7EE3C2A9E3
40354,ED-BE5C8687D6
19769,ED-567222D85B
64694,ED-76FBD0E3A1
26573,ED-99A288D896
42392,ED-C7F08DD47D
37957,ED-5F1649D620
37963,ED-22A068CE17
19789,ED-2AD44816C1
26622,ED-A5B1FE8FC1
1835,ED-309A839575
19812,ED-B000B05C45
20416,ED-9E91A14D09
26559,ED-E78396AFE0
20310,ED-A391EBA18B
42996,ED-F8414B9658
42647,ED-202DCD62A3
63797,ED-6BA9D6F533
19875,ED-15916D1AF0
42349,ED-8C70B4F05B
1872,ED-E89C9149F0
19775,ED-46B22AE6E1
20316,ED-EB3BAB3F29
19758,ED-8A0CD64BBA
26588,ED-CE4C1D5018
26565,ED-507B764DBE
40343,ED-23E1FEFC97
26519,ED-C9A98CC897
42381,ED-D7CB6D2BA0
42836,ED-FEC6A5F49F
40466,ED-C53C2EEC9A
42759,ED-21D28DDF24
1858,ED-B0CF2E4606
26582,ED-0637D9C201
42318,ED-78B3937F35
19741,ED-077633F5E6
26688,ED-E3F9597EF2
43005,ED-AE78FAAAFA
58863,ED-BEF5AB9C5F
20382,ED-DDC7355AB9
26628,ED-4872D33EBD
19904,ED-22F06E6D56
19844,ED-3D2D928A33
300399,ED-D7F4756EA9
60678,ED-A9C497DBE4
1798,ED-312D6A12A1
20339,ED-451FC8BADB
19864,ED-0843CC2E3F
20362,ED-77E00FD633
1818,ED-F8B71CFDC8
1861,ED-DE02B0C7C8
1838,ED-11D128196F
19884,ED-4A9A3228CC
26625,ED-B000B05C45
87,ED-E17E7A3B8F
26648,ED-15F6167D53
40592,ED-BE7B116A15
1881,ED-C7F08DD47D
60658,ED-B7C4DC0FCB
42295,ED-52653CACB1
19927,ED-75951AEC8F
19778,ED-E6274B2AC3
19821,ED-199B2B00BE
20319,ED-DB228EA01C
57010,ED-52F62C6889
26562,ED-D95F997FAC
42301,ED-2B48D4D52B
42842,ED-269B61E872
19924,ED-7649F476BB
53223,ED-A86EF6442F
42384,ED-1B49165BDA
93,ED-91633C05C7
19761,ED-E5C901FA4C
42361,ED-186A00279D
30312#1,ED-C72396CB1D
30312#2,ED-AE78FAAAFA
30312#3,ED-CD30F72A03
68911,ED-E6FAE66B01
19907,ED-0AB1E714ED
42378,ED-CF3C814CD6
26545,ED-E75C069688
60681,ED-5EC2E8846D
34265,ED-621C1D78DE
43008,ED-DDC8092AE3
19755,ED-79651A1423
20342,ED-E5B79B88F3
78862,ED-5B7502EB07
26585,ED-E6FAE66B01
42321,ED-4D87EB5E44
42919,ED-A16993B587
19801,ED-CE88E04679
37946,ED-4E5E43E796
42278,ED-34F69269D4
1864,ED-50A334962E
43486,ED-321DCBE0B6
20385,ED-186A00279D
1841,ED-A16993B587
19818,ED-817B8BD6B9
42653,ED-224A365C4D
79194,ED-0683B30CEA
19887,ED-F258D062B4
19861,ED-DE7A6F89D5
26665,ED-A3DD24E417
19881,ED-E3F9597EF2
20322,ED-34F69269D4
33933,ED-3EA58D8D28
26608,ED-1952845903
1821,ED-A7CF98A9DC
19824,ED-FD604865EB
20365,ED-84389D2DCF
20351,ED-516E7BFD70
53318,ED-119B5CFB87
61149,ED-084983DDD3
301589,ED-410E16982E
1804,ED-A2A76ADB50
19810,ED-BACB99AFF0
42287,ED-93585EECE9
42782,ED-E17E7A3B8F
42951,ED-A985822412
19787,ED-A985822412
20328,ED-269B61E872
42387,ED-80C0C1D211
70955#1,ED-3CB0BFFD9A
79,ED-1952845903
37955,ED-981A5B0AAD
57272,ED-3E3A0090EB
60670,ED-A985822412
42327,ED-3D2D928A33
53736#1,ED-99B5215AF5
1844,ED-16A5073D03
1850,ED-0C5B7A3F01
42968,ED-EE7B06541B
43014,ED-A32BEE0274
19770,ED-F9A5FB68A7
40664,ED-48E34876BD
19747,ED-8A606825B1
19913,ED-F6BD638200
20411,ED-E77B2D2E38
19890,ED-F978CB557C
26554,ED-BA2A2E7505
19933,ED-78B3937F35
20431,ED-1045886996
19790,ED-3ED162A2B4
37958,ED-2DDF7759B6
60687,ED-C796E1938A
26574,ED-711D290893
37935,ED-50BCC229AF
19764,ED-3D0FEE0624
61143,ED-20FFD2087F
19870,ED-F3AB2A4713
20368,ED-37D4F6B31D
26568,ED-D0AC5F2A5A
26617,ED-A383D7726E
37978,ED-A536B8949B
42307,ED-08711F0067
42344,ED-857E29AA68
1867,ED-15916D1AF0
42991,ED-DDC7355AB9
66456,ED-20542DF0E6
1824,ED-1FA24A3D18
26611,ED-728A284F6E
30939,ED-3381DE08C1
37972,ED-0349E68349
42350,ED-661A7AB8EA
40415,ED-34762064E9
79209,ED-093BF52C6C
1830,ED-96BF444FE9
301597,ED-74114E3898
19830,ED-0C5B7A3F01
1807,ED-30F7217223
19784,ED-E8AD8D647A
20325,ED-6C6FD3D1CD
20331,ED-92ADE91FC0
30481,ED-D08F91F615
36979,ED-C83909426C
42954,ED-567222D85B
26677,ED-4A9A3228CC
42330,ED-77A091540F
60667,ED-E3F9597EF2
20394,ED-9A356C5404
26631,ED-11FAACFFF9
20388,ED-8B124EB2EE
1847,ED-0CD365668D
20434,ED-AFC4863360
42324,ED-A3DD24E417
26528,ED-A536B8949B
42347,ED-022718C595
42845,ED-0843CC2E3F
42702,ED-C9A98CC897
57435,ED-F7B11FE090
60684,ED-DF62DBE291
19744,ED-FD986741DC
19867,ED-11D128196F
20408,ED-AE78FAAAFA
66453,ED-594F5F4C05
19767,ED-E0ECCE42DC
42659,ED-8A0CD64BBA
42825,ED-DB228EA01C
26651,ED-1AE2FDE745
26551,ED-8906FDA525
19910,ED-FD5A282AE7
42682,ED-0CB1311020
1870,ED-DDC7355AB9
19930,ED-642E3502ED
42390,ED-978A273708
19916,ED-BE5C8687D6
60647,ED-1FA24A3D18
26614,ED-1D8C84B51A
26657,ED-A32BEE0274
19873,ED-DE6EF11DED
20414,ED-464FAA075C
66459,ED-2887EED13E
79186,ED-E96A25FD03
26517,ED-BFCD38114B
20374,ED-5EC2E8846D
61172,ED-21D28DDF24
19902,ED-0CB2A6471E
1879,ED-0A262995CB
19856,ED-DF62DBE291
42333,ED-F3AB2A4713
1856,ED-79651A1423
19833,ED-66B61D7C3A
42316,ED-64F138CD3E
1833,ED-429C22182F
1810,ED-0796957B17
68906,ED-2426EDF82C
20380,ED-71085CBBF3
42379,ED-4D87EB5E44
42711,ED-3512D40BE4
20334,ED-BA2A2E7505
26680,ED-9D6C0BB293
42665,ED-300DA18369
19796,ED-6AE039CF55
42771,ED-D82E6ACFDE
19750,ED-26A5D67990
34406,ED-F91F422104
60676,ED-2E032F647D
19819,ED-A2A76ADB50
1816,ED-F43D543996
26603,ED-D86E824247
19839,ED-D65451B400
85,ED-99B5215AF5
1836,ED-C796E1938A
19813,ED-335DBD8A9D
1859,ED-8C70B4F05B
26623,ED-642E3502ED
61155,ED-16A5073D03
19882,ED-A53E092762
19919,ED-A32BEE0274
20417,ED-24824D5D8E
37964,ED-E19B24CB3C
36982,ED-C83909426C
42934,ED-A536B8949B
42983,ED-6083424F36
1873,ED-D814C3FB44
20360,ED-A62C23262D
20317,ED-48E34876BD
26560,ED-5C97327C27
42791,ED-11D128196F
26660,ED-AA211E5E58
29365,ED-C99CF8DEF4
42940,ED-DE7A6F89D5
1876,ED-6E56FD9F1C
26683,ED-DE7A6F89D5
34177,ED-2C8B5E5BDA
60650,ED-0B621C09E8
19876,ED-9AE0A74B9C
60673,ED-D5A98A1DFF
1853,ED-34762064E9
61175,ED-6BA9D6F533
42831,ED-A3DD24E417
61152,ED-25EA453CF7
20377,ED-7757621714
26583,ED-0CB1311020
40693,ED-022718C595
43017,ED-7757621714
20337,ED-6F27643AAC
42814,ED-F8B71CFDC8
42376,ED-E6FAE66B01
19799,ED-312D6A12A1
20340,ED-2387839A3E
19816,ED-6337338D03
19793,ED-34A8C3EF32
34068#1,ED-C72396CB1D
34068#2,ED-16A5073D03
1813,ED-D58D2E7F70
37981,ED-ED0B778409
88,ED-FD986741DC
42708,ED-E819E874F6
19836,ED-180584B719
20357,ED-8CF8C637A2
26557,ED-1665280CAC
39356,ED-065C15377B
19773,ED-429C22182F
26514,ED-615F8229F3
26663,ED-670C2E2D10
20314,ED-E251D96080
33055,ED-EFDBF4F13C
19922,ED-64F138CD3E
78694,ED-71717F2064
68912,ED-F8B71CFDC8
19925,ED-615F8229F3
33038,ED-A75071DCA3
94,ED-8B124EB2EE
3462,ED-78151A1043
19785,ED-67291BF1C1
42926,ED-74DBD9A7CF
20326,ED-1899278B6D
42385,ED-2B48D4D52B
26546,ED-E17E7A3B8F
37953,ED-33DBAD52E0
40364,ED-1D8C84B51A
60682,ED-2426EDF82C
1802,ED-95AB2D472F
26632,ED-CFA350A0EB
42279,ED-180584B719
42322,ED-66B61D7C3A
42966,ED-15A316B442
26586,ED-E5B79B88F3
42817,ED-34F69269D4
19888,ED-9179561E54
20386,ED-C9A98CC897
60685,ED-57CDDE896A
1842,ED-D840ACE39A
20409,ED-244952928A
66454,ED-2D9643B300
1865,ED-A985822412
19862,ED-E905F6FC91
51333,ED-D25F22995F
42777,ED-E8AD8D647A
26646,ED-0DBA56BF23
72727#1,ED-8CF1A99DFF
42840,ED-2B48D4D52B
42697,ED-95516332CC
91,ED-539E604F12
20323,ED-20FFD2087F
42946,ED-077633F5E6
53313,ED-34A2529771
19868,ED-884492AD41
26609,ED-B5150BEDAC
37329,ED-C72396CB1D
37970,ED-FDF96B5352
1822,ED-2426EDF82C
19782,ED-E17E7A3B8F
19759,ED-36A0C92680
26589,ED-291A749257
26566,ED-8A0CD64BBA
42382,ED-6772B05327
42714,ED-67B9CF2AEF
70956,ED-4D8F9C140C
40361,ED-DDC7355AB9
42365,ED-A3B1EC64B7
53728#1,ED-642E3502ED
60679,ED-79651A1423
20383,ED-CE4C1D5018
26629,ED-DDC8092AE3
42319,ED-269B61E872
42820,ED-6AE039CF55
300400,ED-AF8B353614
1845,ED-6F63C83BB7
40407,ED-8CF8C637A2
19865,ED-B5150BEDAC
40593,ED-0CB2A6471E
26506,ED-99B5215AF5
34166,ED-741B339B55
26526,ED-8CF8C637A2
61158,ED-9ACA30F1B0
1862,ED-92EF87CDD7
26626,ED-7757621714
19908,ED-1D8C84B51A
19885,ED-91633C05C7
26549,ED-E901F4F551
42657,ED-A985822412
42780,ED-71085CBBF3
26606,ED-E9C00A0FA3
37930,ED-47E94920E3
19765,ED-9ACA30F1B0
20406,ED-ED0B778409
26569,ED-F6648C2F41
37967,ED-A82C22E9DD
19928,ED-97BF576EBF
19779,ED-857E29AA68
42345,ED-CF3C814CD6
1819,ED-25D4ABAC61
1825,ED-6FD922942F
42943,ED-0CB1311020
26563,ED-AE78FAAAFA
37973,ED-6C4F6B57CE
42694,ED-37AFDAF1C0
19877,ED-380663439A
42763,ED-857E29AA68
1854,ED-91633C05C7
19831,ED-826920D49D
19854,ED-6E039222C4
42786,ED-25D4ABAC61
301598,ED-018994B24C
76772,ED-C7F9BF060B
1831,ED-25EA453CF7
19808,ED-9253DC24B4
20349,ED-B8B0524546
20355,ED-6772B05327
42769,ED-300DA18369
60668,ED-A16993B587
19894,ED-B19559993F
20332,ED-2B48D4D52B
20395,ED-529F5F66A1
26592,ED-8A606825B1
42331,ED-B8B0524546
42663,ED-23982F74E5
26638,ED-22F06E6D56
1848,ED-4B169B27AC
42325,ED-E4FF2A61FD
42915,ED-EE7B06541B
79210,ED-253F4ABAAC
26529,ED-9A356C5404
42348,ED-F6BD638200
26552,ED-A9C497DBE4
42869,ED-7EE3C2A9E3
19768,ED-0C47289DD7
37956,ED-DC875DFDEC
19911,ED-2C5FA1C72B
26744,ED-869A626FF3
19917,ED-218087F58E
37976,ED-AC669EE046
42391,ED-E78396AFE0
20309,ED-702DD3B659
19874,ED-450ABE40B5
26509,ED-642E3502ED
60648,ED-180584B719
20415,ED-AF524F7462
1871,ED-659E7AFF22
1805,ED-78151A1043
33774#1,ED-BC8E7A1BD7
33774#2,ED-E92F1AB41B
61173,ED-215CE33526
19828,ED-C9AE0008F7
1828,ED-FEE1BD7783
61150,ED-202DCD62A3
19834,ED-711D290893
20329,ED-95516332CC
42388,ED-4ACCB7F53C
20352,ED-224A365C4D
42952,ED-0DBA56BF23
19788,ED-FEC6A5F49F
20392,ED-507B764DBE
80,ED-1F7C937B31
60671,ED-E734D914F5
26681,ED-E3F9597EF2
42328,ED-DB228EA01C
19751,ED-7A6500F415
19897,ED-22C2CB575E
20438,ED-25D4ABAC61
26635,ED-C424EED490
42374,ED-2C3D51164C
19771,ED-439CDD73C5
53734#1,ED-91633C05C7
19914,ED-A7E20B7A45
26555,ED-AA938A3305
19791,ED-6083424F36
19814,ED-74DBD9A7CF
41498,ED-AF8B353614
37959,ED-E181768AA8
60688,ED-D814C3FB44
1811,ED-E0ECCE42DC
19871,ED-672B112B5B
26618,ED-EB3BAB3F29
42686,ED-DE6EF11DED
63172,ED-3381DE08C1
20418,ED-0DBA56BF23
26655,ED-A94A33B8CF
60645,ED-E75C069688
42351,ED-7EE3C2A9E3
1868,ED-692F9F2AA7
1874,ED-6AE039CF55
20312,ED-52653CACB1
301590,ED-FFB456003C
20412,ED-539E604F12
66457,ED-3C649A9BAE
26512,ED-6136C9FF6C
29642,ED-53B4376663
32661,ED-21FB3B28AD
33060,ED-3982877A3E
33306,ED-D53375271B
34274,ED-AF8F9A1DE6
34280,ED-5407FFAB1C
34284,ED-AA33D63A62
34287#1,ED-4A35E99741
34287#2,ED-00DE467D3A
34287#3,ED-6E234A371B
36393,ED-8184BE4ADD
36394,ED-8184BE4ADD
36395,ED-73083C6525
36805,ED-096CEEE0CB
36806,ED-82F7DB0971
36807,ED-5B43346929
36808,ED-3413F872B6
36809,ED-57B88956E6
11772#1,ED-E5ECF05A64
11772#2,ED-6CC63C863F
11772#3,ED-F6E8B339A0
11776#1,ED-97F2172CDA
23751,ED-E48D6C840A
27799#1,ED-A80ED1A986
28876#1,ED-95BF7FFE6D
28876#2,ED-FA99852AF5
28876#3,ED-11036602ED
28876#4,ED-328F20FDA1
29295#1,ED-83F5E44D62
29295#2,ED-522F676957
29295#3,ED-74C73D0A41
29295#4,ED-FA4D59374F
29315#1,ED-72CF59E3B7
29315#2,ED-D377EAACC4
29315#3,ED-93A7DB4A64
29315#4,ED-A2A119D10A
29315#5,ED-AE99026304
29315#6,ED-ABD5208131
29326#1,ED-226AB4B79D
29326#2,ED-252CF0E0E3
29329#1,ED-D2B17F3901
29329#2,ED-5CDBC03509
29329#3,ED-480A0CD691
29329#4,ED-519AC0DE27
29332#1,ED-226AB4B79D
29332#2,ED-252CF0E0E3
29333#1,ED-A43DFF3666
29333#2,ED-DA8F40F650
29333#3,ED-F5C77627E5
29375#1,ED-1836AFE71C
29375#2,ED-BD2CCE7C5E
29375#3,ED-99D77E6105
29375#4,ED-AA0A801A24
29382#1,ED-26CF3FF703
29382#2,ED-7C1F248607
29382#3,ED-89BB71957C
29413#1,ED-583D8239EA
29413#2,ED-CC7C56D96C
29413#3,ED-A50119E86A
29413#4,ED-16480C61D0
1702,ED-AF38150AF1
2867,ED-8DFF11975B
2868,ED-8F9C7A403E
4690,ED-8F9C7A403E
7396,ED-88DCC15806
9617,ED-24105D5CD9
17280,ED-3C37699924
27483,ED-8C17326547
31395#1,ED-8C17326547
31395#2,ED-D3C253FC40
31395#3,ED-97864E77A6
31395#4,ED-3CD8962F00
34478,ED-31472ACD2A
34482,ED-CB2D914D73
35039,ED-13803D0281
35751,ED-2793B25A0B
36628,ED-7AF46380DB
36638,ED-92681366AA
41795,ED-A196BE6498
41809,ED-8DFF11975B
41853,ED-8F9C7A403E
42046,ED-1A20A181F4
47865,ED-F6D8CE2B24
49113,ED-D193D2C517
49567,ED-A991981EE9
55626,ED-A991981EE9
56624,ED-53A6AFDF3A
57654,ED-32AAD90A15
58445,ED-13803D0281
58446,ED-9E7FF50CA8
61048,ED-3AD0C51CC8
61681,ED-3AD0C51CC8
62046,ED-3AD0C51CC8
62400,ED-7996BCC3A7
62402,ED-3AD0C51CC8
16086,ED-DB0EF4F8D9
16087,ED-1869474C52
16088,ED-A60DD43587
16098,ED-A066F129A3
16102,ED-E28268FB35
16114,ED-42D6B8CD74
16115,ED-F378A3B72B
16116,ED-D6BAF903C4
16117,ED-5CF24193F1
16118,ED-C98411AA17
16127,ED-A7BFAA3AFC
79,ED-C8F8B5939B
80,ED-B2DAC7D769
81,ED-2CBFBDD161
85,ED-71F4C6FB84
86,ED-6EF7397689
87,ED-6B88C93069
88,ED-FDCB5C2C2E
91,ED-C05C1E1FD0
93,ED-301A6E46CF
94,ED-A7B182C195
1798,ED-2F996B1290
1800,ED-345D7892A3
1802,ED-32318D2715
1803,ED-3CD64CB21E
1804,ED-3CB0BFFD9A
1805,ED-9A6ABF8FC5
1806,ED-B44C675C89
1807,ED-56E6C4A0A2
1810,ED-48435C0FDF
1811,ED-137195454D
1813,ED-625248F693
1815,ED-EFD50F3BCD
1816,ED-4459DEEFE3
1818,ED-652E69E06B
1819,ED-5ACC9DA09D
1821,ED-B84E663810
1822,ED-FE7E407F74
1824,ED-6756E51EEE
1825,ED-CE7C0A1E4C
1828,ED-46BD24D277
1829,ED-E11167CF0E
1830,ED-744A0C480B
1831,ED-76EB6C6C45
1832,ED-B0310F3C9E
1833,ED-84829203E3
1834,ED-39F237A461
1835,ED-9F432454F7
1836,ED-FA1273807D
1837,ED-B16ABA6961
1838,ED-8665D86042
1839,ED-D3CA34AABE
1840,ED-099332BACE
1841,ED-2E3CEF6B95
1842,ED-53C622B1AB
1843,ED-A15F94F978
1844,ED-7248CA28C4
1845,ED-234819E416
1846,ED-B84240DEAC
1847,ED-4FBD2039F4
1848,ED-C8002308BC
1849,ED-02318908B9
1850,ED-3CDE59E76C
1851,ED-0AC0723FE2
1852,ED-50D7DFB436
1853,ED-A662429DC3
1854,ED-301A6E46CF
1855,ED-88C521C43D
1856,ED-345D4DAC47
1857,ED-AAFDCC3B67
1858,ED-16BEE2F355
1859,ED-BC6A847F19
1860,ED-96D03DF4C4
1861,ED-977093281A
1862,ED-EC654EB343
1863,ED-CF61B6F660
1864,ED-6F8B8B47C6
1865,ED-E68A966339
1866,ED-451D2057BA
1867,ED-1C82B06363
1868,ED-0144297234
1869,ED-E174076D86
1870,ED-7E98114AE3
1871,ED-FF1B032714
1872,ED-FEDFDB98CD
1873,ED-2D3EB4ACD1
1874,ED-94D91F1D42
1875,ED-4A0021B0C0
1876,ED-F2487299D6
1877,ED-0571E31AD8
1878,ED-C56A59A84F
1879,ED-06381EEDA4
1880,ED-FE7D8F4C30
1881,ED-61AC0E5201
3462,ED-9A6ABF8FC5
19741,ED-AAFDCC3B67
19743,ED-71F4C6FB84
19744,ED-FDCB5C2C2E
19746,ED-EA6B3755BE
19747,ED-A2512CB036
19749,ED-744A0C480B
19750,ED-5283D96DF0
19751,ED-B037234CCC
19752,ED-7FA4A46B43
19755,ED-345D4DAC47
19757,ED-6756E51EEE
19758,ED-DF43CEC5BE
19759,ED-407F7C78B2
19760,ED-CE7C0A1E4C
19761,ED-952A7399F4
19763,ED-F1DA6A7A1E
19764,ED-8508AB9658
19765,ED-B0310F3C9E
19766,ED-F52482A8E5
19767,ED-137195454D
19768,ED-56B6DC9B81
19769,ED-DC2B461118
19770,ED-47928B94D0
19771,ED-983D4B4D0E
19772,ED-2E3CEF6B95
19773,ED-84829203E3
19774,ED-C5E269E870
19775,ED-524170C93A
19778,ED-3B9C88B1DC
19779,ED-8CF6BE8587
19782,ED-6B88C93069
19783,ED-E90F4BD5CB
19784,ED-85F76F3BB0
19785,ED-6CCB9FDB38
19786,ED-A662429DC3
19787,ED-E68A966339
19788,ED-8E710C52AC
19789,ED-AFF3070F24
19790,ED-9BE44F31D2
19791,ED-D4DCD65123
19792,ED-F0DAE2E7C0
19793,ED-5B7949AC47
19794,ED-5FF0AF610E
19796,ED-94D91F1D42
19799,ED-2F996B1290
19801,ED-C361DFFFF3
19808,ED-B37F06499A
19810,ED-2C8DEA65E4
19812,ED-79BC390B7D
19813,ED-2D15D39619
19814,ED-9C30E2631F
19816,ED-95C207E237
19817,ED-354E75768A
19818,ED-827CFEC98F
19819,ED-3CB0BFFD9A
19821,ED-C3D4087543
19823,ED-1E8EB16774
19824,ED-5BA6CEC4D4
19826,ED-D40BD8AEE4
19828,ED-E17403ED97
19829,ED-DCC5C4677D
19830,ED-3CDE59E76C
19831,ED-8408F3E268
19833,ED-C52D5C8A4D
19834,ED-13611B3993
19835,ED-A4FECBB7D7
19836,ED-A7F2112698
19837,ED-B419836676
19839,ED-2410515907
19844,ED-DA3E457A21
19846,ED-F158544A4F
19852,ED-5167A42EBB
19854,ED-D538A2E511
19856,ED-BEAEE7EEFE
19857,ED-C6C2C58C22
19858,ED-FCF5D6FAEE
19860,ED-F8A39CDC23
19861,ED-73FDF63388
19862,ED-5BB26C539E
19864,ED-464A3F2122
19865,ED-FAB2F3B636
19867,ED-8665D86042
19868,ED-925C58DB6F
19869,ED-406DC75AE5
19870,ED-AC561F0360
19871,ED-CD008D0087
19872,ED-6EF7397689
19873,ED-23ADEDE9FE
19874,ED-46A114DB31
19875,ED-1C82B06363
19876,ED-AB5635D6D9
19877,ED-E060DDC306
19878,ED-D00638E62D
19881,ED-0A06F87FA9
19882,ED-C2D5334739
19884,ED-12CFE527EA
19885,ED-301A6E46CF
19887,ED-3CD64CB21E
19888,ED-58264166F1
19889,ED-574FFDBB1A
19890,ED-FF5440F2C4
19892,ED-7096352DA5
19894,ED-05D09D75D1
19895,ED-A100A27BDA
19897,ED-CA823CE580
19898,ED-95AFC8645D
19900,ED-E16D14DD37
19902,ED-517FCD7879
19903,ED-C8002308BC
19904,ED-16F9B84D93
19906,ED-372D702DB6
19907,ED-A15F94F978
19908,ED-AB07DE3321
19910,ED-73EFD38AC5
19911,ED-A4C4EF5D21
19912,ED-9A3D6CB322
19913,ED-DB5BC547AC
19914,ED-8E72ED1C3B
19915,ED-6800DEEAC1
19916,ED-B8083D8461
19917,ED-76E6AA0888
19919,ED-663DB72B53
19920,ED-5FB312E6D3
19921,ED-502F2B4FE9
19922,ED-792A60C285
19923,ED-686BE06734
19924,ED-07A5BC19E8
19925,ED-C3909FE51F
19927,ED-783FDAF482
19928,ED-BA61D8343D
19929,ED-2CBFBDD161
19930,ED-19C47EF765
19933,ED-A918F4744F
20309,ED-47F2ABBC92
20310,ED-7CEAC596E7
20312,ED-6FFE766F68
20313,ED-6ED43CAC8E
20314,ED-D3433A07D3
20316,ED-88D288C7FA
20317,ED-5B8FC38252
20319,ED-3CCE172B9A
20321,ED-D9B9F4C976
20322,ED-B6FBC83BAC
20323,ED-FACB14BE3E
20324,ED-7BF60D600D
20325,ED-3B37C691E1
20326,ED-D122DE7ECE
20327,ED-961673D4DF
20328,ED-706CBA13B5
20329,ED-89717853A6
20330,ED-B84240DEAC
20331,ED-86CDBA821B
20332,ED-6DFED095C6
20334,ED-0355D8C39A
20337,ED-E93D86DD2E
20339,ED-90E4EE23EE
20340,ED-A327459EEE
20342,ED-4FA26DFA0B
20347,ED-C51E1C2542
20349,ED-4A2C34FADA
20350,ED-B4FB19E095
20351,ED-04B9D814C2
20352,ED-1FC28EEA1D
20353,ED-2DC6F231AD
20355,ED-9BE6B4E1A9
20357,ED-91E9DEBD2C
20358,ED-14EF901436
20360,ED-0571E31AD8
20362,ED-C8491A420E
20364,ED-833F29143C
20365,ED-336447270F
20367,ED-91A427177B
20368,ED-A83E3FEDA1
20370,ED-7853E7694E
20373,ED-FCEFEC084C
20374,ED-99882E7047
20376,ED-69F3903AE1
20377,ED-17E2D3C7CD
20379,ED-D5AB0A2BA7
20380,ED-CF61B6F660
20381,ED-7F4AB696F3
20382,ED-7E98114AE3
20383,ED-AEE84AECA2
20385,ED-8573F64207
20386,ED-A1408FE0C1
20387,ED-DBE7BF6403
20388,ED-A7B182C195
20390,ED-9FFA5C8F8E
20392,ED-D8BB37D0AC
20394,ED-A5CB849A0C
20395,ED-78F636142A
20398,ED-F9450A71B2
20399,ED-246F8C0DFD
20404,ED-479A781F8D
20406,ED-C703087167
20407,ED-74C332EE98
20408,ED-F91F422104
20409,ED-170C76480E
20410,ED-CC7D56544F
20411,ED-3F1252C246
20412,ED-C05C1E1FD0
20413,ED-D133F51CC7
20414,ED-8FB9F5AA84
20415,ED-4D8F9C140C
20416,ED-6FED49218C
20417,ED-012CBD8489
20418,ED-08A2035D6A
20431,ED-9658211EFA
20434,ED-6BC9D2F31F
20436,ED-4B1192B054
20438,ED-5ACC9DA09D
26506,ED-71F4C6FB84
26509,ED-19C47EF765
26510,ED-301A6E46CF
26512,ED-EA6B3755BE
26513,ED-72A9B8CA53
26514,ED-C3909FE51F
26516,ED-8E710C52AC
26517,ED-F52482A8E5
26518,ED-827CFEC98F
26519,ED-A1408FE0C1
26526,ED-91E9DEBD2C
26527,ED-C703087167
26528,ED-F9450A71B2
26529,ED-A5CB849A0C
26545,ED-A3DD7FCEB1
26546,ED-6B88C93069
26547,ED-C361DFFFF3
26549,ED-686BE06734
26550,ED-9FFA5C8F8E
26551,ED-7364795AFC
26552,ED-8F074623BB
26553,ED-89717853A6
26554,ED-0355D8C39A
26555,ED-461D52A604
26556,ED-1C60305647
26557,ED-941B4F3B67
26558,ED-D9B9F4C976
26559,ED-F1DA6A7A1E
26560,ED-F158544A4F
26561,ED-1FC28EEA1D
26562,ED-311AB5FF14
26563,ED-F91F422104
26565,ED-D8BB37D0AC
26566,ED-DF43CEC5BE
26567,ED-DDD62D2CA7
26568,ED-A7B9302F8A
26569,ED-6EFC1D78FC
26570,ED-FD3829721C
26573,ED-FEE12C89FF
26574,ED-13611B3993
26581,ED-4D8F9C140C
26582,ED-662FB95D4A
26583,ED-D5AB0A2BA7
26584,ED-AF246B79DB
26585,ED-1D47719EDA
26586,ED-4FA26DFA0B
26587,ED-3B37C691E1
26588,ED-AEE84AECA2
26589,ED-6800DEEAC1
26590,ED-4655D0CD42
26592,ED-A2512CB036
26593,ED-1C91A4CE08
26594,ED-925C58DB6F
26603,ED-5F60089371
26604,ED-7F4AB696F3
26606,ED-6BD16ED9BD
26607,ED-9658211EFA
26608,ED-C8F8B5939B
26609,ED-FAB2F3B636
26610,ED-517FCD7879
26611,ED-C64C079288
26613,ED-3D70F500E6
26614,ED-AB07DE3321
26617,ED-22D61C7EEC
26618,ED-88D288C7FA
26622,ED-A100A27BDA
26623,ED-19C47EF765
26624,ED-CC18D9C7E2
26625,ED-79BC390B7D
26626,ED-17E2D3C7CD
26628,ED-D00638E62D
26629,ED-3911AC3EF6
26631,ED-0051876651
26632,ED-37142B129E
26633,ED-B9C2764108
26635,ED-AD70AE775C
26638,ED-16F9B84D93
26639,ED-C339DFCF9F
26641,ED-BBCDE9E099
26642,ED-2DC6F231AD
26644,ED-D4DCD65123
26646,ED-08A2035D6A
26648,ED-8C1F68C56D
26651,ED-7D2F7EC365
26653,ED-833F29143C
26655,ED-A9E9265836
26657,ED-663DB72B53
26659,ED-76E6AA0888
26660,ED-6EF7397689
26663,ED-81863DA371
26665,ED-C5E269E870
26667,ED-56B6DC9B81
26670,ED-D8E4F62D76
26673,ED-95AFC8645D
26676,ED-54C495211A
26677,ED-12CFE527EA
26679,ED-C8491A420E
26680,ED-0A85844505
26681,ED-0A06F87FA9
26683,ED-73FDF63388
26688,ED-0A06F87FA9
26689,ED-B8083D8461
26692,ED-A66238E058
26693,ED-4FBD2039F4
26695,ED-CDD0CD28D1
26696,ED-31D3296221
26698,ED-D122DE7ECE
26700,ED-FAB2F3B636
26702,ED-3F1252C246
26705,ED-DC43CA2D6F
26706,ED-26F1EE90B9
26707,ED-336447270F
26737,ED-D371E70BC9
26738,ED-7CDE1DD38A
26739,ED-5E813A01D2
26740,ED-A4FECBB7D7
26741,ED-41A46ED5F2
26742,ED-99882E7047
26743,ED-1C3A99E360
26954,ED-D3433A07D3
26955,ED-47928B94D0
26957,ED-2E3CEF6B95
26958,ED-A5CB849A0C
26959,ED-5BA6CEC4D4
26960,ED-643B7FD542
26961,ED-D00638E62D
26962,ED-C05C1E1FD0
26963,ED-B4FB19E095
26964,ED-12CFE527EA
26965,ED-2CDBEBE25A
26966,ED-FE7E407F74
26967,ED-870AADD45D
26968,ED-AAFDCC3B67
26969,ED-7E98114AE3
26970,ED-F0DAE2E7C0
26971,ED-9BE44F31D2
26972,ED-EA6B3755BE
26973,ED-F91F422104
26975,ED-23ADEDE9FE
26976,ED-5ACC9DA09D
26977,ED-D5AB0A2BA7
26978,ED-AB07DE3321
26979,ED-7CF418C83E
26980,ED-DA3E457A21
26981,ED-CE7C0A1E4C
26982,ED-B84E663810
26983,ED-2CBFBDD161
26984,ED-C699AE21F9
26985,ED-CAB53233CA
26986,ED-A662429DC3
26987,ED-A100A27BDA
26990,ED-C3909FE51F
26991,ED-3B37C691E1
26992,ED-D9B9F4C976
26993,ED-2410515907
26994,ED-148FFCDA43
27013,ED-DCC5C4677D
27014,ED-13611B3993
27015,ED-B8083D8461
27017,ED-36CBBC1CFF
27018,ED-D8BB37D0AC
27019,ED-6DFED095C6
27020,ED-14EF901436
27021,ED-509B8A9661
27022,ED-0A06F87FA9
27023,ED-C8002308BC
27026,ED-925C58DB6F
29365,ED-4655D0CD42
30311#1,ED-49945BD946
30311#2,ED-FEAB738407
30312#1,ED-49945BD946
30312#2,ED-F91F422104
30312#3,ED-29E868AE67
30314,ED-F0FE3C610C
33674,ED-035721A77B
33774#1,ED-4952194245
33774#2,ED-1AFD6C980E
33867,ED-384EA8F1C6
33933,ED-077D4B9B16
33942,ED-8660C023A3
33964,ED-49945BD946
34068#1,ED-49945BD946
34068#2,ED-7248CA28C4
34166,ED-674C2EA3DC
34175,ED-535A015273
34176,ED-535A015273
34177,ED-535A015273
34178,ED-535A015273
34265,ED-B423FF51A4
37329,ED-49945BD946
37928,ED-647C7CF51B
37930,ED-31D3296221
37931,ED-BAC624CF47
37935,ED-A5CB849A0C
37937,ED-E16EFFF463
37940,ED-B1F373EAFB
37942,ED-CEE9725DA3
37946,ED-C05C1E1FD0
37948,ED-7E1C366044
37951,ED-CC7D56544F
37953,ED-6219810DB2
37955,ED-9D2EC161D1
37956,ED-9C798A0DBC
37957,ED-686BE06734
37958,ED-7CDE1DD38A
37959,ED-3911AC3EF6
37960,ED-76E6AA0888
37962,ED-352381FA95
37963,ED-E22149D5C4
37964,ED-2C7E22DC63
37965,ED-ECAAE6638A
37967,ED-5B6FCB1DD3
37968,ED-D00638E62D
37970,ED-AAFDCC3B67
37972,ED-611D04BE5A
37973,ED-850C9A8393
37974,ED-F91F422104
37976,ED-F34D3398AC
37978,ED-F9450A71B2
37981,ED-C703087167
37988,ED-DFADCADD00
40343,ED-D40BD8AEE4
40354,ED-B8083D8461
40361,ED-7E98114AE3
40364,ED-AB07DE3321
40407,ED-91E9DEBD2C
40415,ED-A662429DC3
40466,ED-A506850724
40471,ED-D3433A07D3
40534,ED-25C8DAA854
40554,ED-E90F4BD5CB
40568,ED-5B8FC38252
40586,ED-517FCD7879
40592,ED-D421DE509C
40593,ED-517FCD7879
40664,ED-5B8FC38252
40683,ED-A1408FE0C1
40693,ED-C51E1C2542
40723,ED-DD9B17A621
41497,ED-7FA4A46B43
41498,ED-7FA4A46B43
41548,ED-7A8AEDCB57
41576,ED-827CFEC98F
41578,ED-461D52A604
41579,ED-461D52A604
41642,ED-2F996B1290
41644,ED-EA851FB429
41649,ED-DF48ED0964
42278,ED-B6FBC83BAC
42279,ED-A7F2112698
42287,ED-FFC4AF8D37
42289,ED-85F76F3BB0
42295,ED-6FFE766F68
42301,ED-6DFED095C6
42307,ED-E90F4BD5CB
42312,ED-CE7C0A1E4C
42316,ED-792A60C285
42318,ED-A918F4744F
42319,ED-706CBA13B5
42320,ED-16F9B84D93
42321,ED-A84BA7B985
42322,ED-C52D5C8A4D
42323,ED-FACB14BE3E
42324,ED-C5E269E870
42325,ED-2DC6F231AD
42326,ED-88D288C7FA
42327,ED-DA3E457A21
42328,ED-3CCE172B9A
42329,ED-73EFD38AC5
42330,ED-395E703E37
42331,ED-4A2C34FADA
42332,ED-AB5635D6D9
42333,ED-AC561F0360
42334,ED-C3D4087543
42335,ED-D40BD8AEE4
42344,ED-8CF6BE8587
42345,ED-E16D14DD37
42346,ED-88D288C7FA
42347,ED-C51E1C2542
42348,ED-DB5BC547AC
42349,ED-BC6A847F19
42350,ED-B419836676
42351,ED-EFD50F3BCD
42361,ED-8573F64207
42363,ED-CF61B6F660
42365,ED-358696FC2B
42366,ED-D00638E62D
42374,ED-B84240DEAC
42375,ED-64DF2425B0
42376,ED-1D47719EDA
42377,ED-E16D14DD37
42378,ED-E16D14DD37
42379,ED-A84BA7B985
42380,ED-A327459EEE
42381,ED-CD88D98AE4
42382,ED-9BE6B4E1A9
42383,ED-FFC4AF8D37
42384,ED-5E3F477AF6
42385,ED-6DFED095C6
42386,ED-464A3F2122
42387,ED-C257D0C060
42388,ED-04B349EDD1
42389,ED-A6C88AEAD6
42390,ED-FCF5D6FAEE
42391,ED-F1DA6A7A1E
42392,ED-61AC0E5201
42647,ED-509B8A9661
42653,ED-1FC28EEA1D
42655,ED-95AFC8645D
42657,ED-E68A966339
42659,ED-DF43CEC5BE
42663,ED-5D4DDDCDD2
42665,ED-7F4AB696F3
42682,ED-D5AB0A2BA7
42686,ED-23ADEDE9FE
42694,ED-1B698225F5
42697,ED-89717853A6
42702,ED-A1408FE0C1
42708,ED-DBE7BF6403
42711,ED-D0E62184C6
42714,ED-6C0C03FF1A
42715,ED-3B37C691E1
42759,ED-DEE32D73F4
42763,ED-8CF6BE8587
42769,ED-7F4AB696F3
42771,ED-1036AE0607
42775,ED-792A60C285
42777,ED-85F76F3BB0
42780,ED-CF61B6F660
42782,ED-6B88C93069
42786,ED-5ACC9DA09D
42791,ED-8665D86042
42807,ED-5283D96DF0
42810,ED-95C207E237
42813,ED-04B349EDD1
42814,ED-652E69E06B
42817,ED-B6FBC83BAC
42820,ED-94D91F1D42
42821,ED-6C0C03FF1A
42825,ED-3CCE172B9A
42831,ED-C5E269E870
42836,ED-8E710C52AC
42838,ED-3CCE172B9A
42840,ED-6DFED095C6
42842,ED-706CBA13B5
42845,ED-464A3F2122
42850,ED-BD4F420FFD
42853,ED-744A0C480B
42869,ED-EFD50F3BCD
42876,ED-1C2CCD326B
42915,ED-1BF3CC1CFA
42918,ED-A5CB849A0C
42919,ED-2E3CEF6B95
42921,ED-652E69E06B
42926,ED-9C30E2631F
42934,ED-F9450A71B2
42936,ED-A327459EEE
42940,ED-73FDF63388
42941,ED-3CCE172B9A
42943,ED-D5AB0A2BA7
42946,ED-AAFDCC3B67
42951,ED-E68A966339
42952,ED-08A2035D6A
42954,ED-DC2B461118
42966,ED-95AFC8645D
42968,ED-1BF3CC1CFA
42983,ED-D4DCD65123
42991,ED-7E98114AE3
42996,ED-2CDBEBE25A
42999,ED-833F29143C
43001,ED-7F4AB696F3
43004,ED-5283D96DF0
43005,ED-F91F422104
43008,ED-3911AC3EF6
43013,ED-76E6AA0888
43014,ED-663DB72B53
43017,ED-17E2D3C7CD
51333,ED-18CACCE28E
53223,ED-531A508047
53313,ED-CA22B36374
53318,ED-4AD501BAEF
53728#1,ED-19C47EF765
53734#1,ED-301A6E46CF
53736#1,ED-71F4C6FB84
53738#1,ED-C05C1E1FD0
53741#1,ED-EA6B3755BE
53743,ED-DEE32D73F4
54708,ED-3911AC3EF6
56967,ED-EAEF55CD1A
57010,ED-954EF161AD
60594,ED-EFDA0B2E51
60599,ED-E68A966339
60645,ED-A3DD7FCEB1
60646,ED-D00638E62D
60647,ED-6756E51EEE
60648,ED-A7F2112698
60650,ED-69F3903AE1
60652,ED-4655D0CD42
60658,ED-F9149F3A5E
60667,ED-0A06F87FA9
60668,ED-2E3CEF6B95
60669,ED-652E69E06B
60670,ED-E68A966339
60671,ED-92F38CB368
60672,ED-AC561F0360
60673,ED-68AA537FFA
60674,ED-D9CAAF08DF
60675,ED-16BEE2F355
60676,ED-AF246B79DB
60677,ED-EC1223785F
60678,ED-8F074623BB
60679,ED-345D4DAC47
60680,ED-47F2ABBC92
60681,ED-99882E7047
60682,ED-FE7E407F74
60683,ED-A3DD7FCEB1
60684,ED-BEAEE7EEFE
60685,ED-5EEA2521EC
60686,ED-DBE7BF6403
60687,ED-FA1273807D
60688,ED-2D3EB4ACD1
61143,ED-FACB14BE3E
61145,ED-C339DFCF9F
61148,ED-78F636142A
61149,ED-DB87E9171D
61150,ED-509B8A9661
61151,ED-63070D1460
61152,ED-76EB6C6C45
61153,ED-D4DCD65123
61155,ED-7248CA28C4
61156,ED-3911AC3EF6
61158,ED-B0310F3C9E
61172,ED-DEE32D73F4
61175,ED-889DCC0CE7
63797,ED-889DCC0CE7
66873#1,ED-AAFDCC3B67
68906,ED-FE7E407F74
68910,ED-7A8AEDCB57
68911,ED-1D47719EDA
68912,ED-652E69E06B
68913,ED-5835DC89B7
68956,ED-7150F43145
68957,ED-A11CB27D25
69611,ED-7248CA28C4
69626,ED-C8F8B5939B
69636,ED-C8F8B5939B
69678,ED-7248CA28C4
300564,ED-7150F43145
70755,ED-81863DA371
300398,ED-6479DA031A
300399,ED-5C87BD6B66
300400,ED-7FA4A46B43
300401,ED-85F76F3BB0
78070,ED-71F4C6FB84
78071,ED-1CF9D1A9CE
301596,ED-4AF853DEC2
301597,ED-44EF310194
301598,ED-9F3091ACCA
301599,ED-683B5FEE99
301589,ED-F91D411281
301590,ED-177C632B01
78694,ED-4227018650
79150,ED-7A10AC13BE
79168,ED-574FFDBB1A
79176,ED-A7D21E6C6B
79186,ED-9F986B5436
79194,ED-A7D21E6C6B
79209,ED-7A10AC13BE
79210,ED-B69C28B5C6
79211,ED-B69C28B5C6
79413,ED-71F4C6FB84
