release_id,source_object
RL-000A8342C7,35632
RL-000A8342C7,9769
RL-002778E60B,301596
RL-003AD2C6D9,23944
RL-003E987648,29295#4
RL-004C87E3CD,21813
RL-005362B928,10987
RL-0055F3A370,20155
RL-0055F3A370,60557
RL-0065A94468,23853
RL-0065A94468,58872
RL-00950871F9,1861
RL-00B036861D,19871
RL-00B4D3903E,43300
RL-00C73686FE,34785
RL-00C9DC5ECC,34622
RL-00D8EB2FC4,35381
RL-00DE7CB465,21666
RL-0119FE708A,20374
RL-0125493CC1,19824
RL-0129CE5660,21818
RL-01301C84CC,1811
RL-01301C84CC,19767
RL-0143225995,43405
RL-0148FF7E8D,23191
RL-0158985C9D,21294
RL-017CD46D4D,19516
RL-017CD46D4D,55269
RL-017CD46D4D,9826
RL-0190F93ECE,59706
RL-0190F93ECE,60570
RL-01B26C02EE,1872
RL-01B95A7935,37390
RL-01CD06C951,66453
RL-01E10F3994,1825
RL-01E10F3994,19760
RL-02142C4414,20385
RL-02142C4414,42361
RL-0219DC4AAC,19906
RL-0229E04099,20059
RL-023E6A6D19,20880
RL-025639AEF6,1863
RL-025639AEF6,20380
RL-025639AEF6,42363
RL-025639AEF6,42780
RL-0275D05B16,23167
RL-02DABD331B,39014
RL-02F57A94AF,24003
RL-0308B1208E,20095
RL-03194DAF8D,10998
RL-03194DAF8D,38776
RL-033CC9CEB5,55273
RL-0347CDD6A3,53736#1
RL-0358FFBB04,34834
RL-035B06C662,19793
RL-03829D30E1,21473
RL-039F7EF70F,26557
RL-03A6923E25,34822
RL-03DCA5CC07,66456
RL-040F9F1DAC,38430
RL-04258941A0,35497
RL-043447961B,35584
RL-044028C9AF,19928
RL-044CD81DD7,19854
RL-048850D696,20208
RL-04922798DE,34622
RL-04B06DFED5,23367
RL-04E1B5F18B,37972
RL-05137021BB,34430
RL-05283C8FE9,55280
RL-05283C8FE9,59699
RL-052BF9EA50,9007
RL-054426000F,37953
RL-055A0AEA14,37301
RL-055F7ACC3B,20326
RL-055F7ACC3B,26698
RL-05C47F1DDA,34412
RL-05E0E08374,20416
RL-061C43943B,19338
RL-06212750BE,34821
RL-062960D4B4,19895
RL-062960D4B4,26622
RL-06426D8B5E,21904
RL-0642DCD6F2,19925
RL-0642DCD6F2,26514
RL-0642DCD6F2,26990
RL-065A81F3CD,35373
RL-065A81F3CD,55373
RL-067682C089,42381
RL-06B4CA8BF7,26982
RL-06B6D62977,21161
RL-06B6D62977,55330
RL-06C71CE3FA,42940
RL-06DBC9E674,29315#3
RL-06ED88EC1B,36979
RL-06ED88EC1B,36982
RL-0711BD1AFD,42388
RL-0711BD1AFD,42813
RL-073BD1E044,51333
RL-07457687EE,38425
RL-0756EDEB00,10818
RL-0756EDEB00,20891
RL-075A63614D,20331
RL-075B7E1727,34395
RL-07A00FD7EF,35402
RL-07A82A28D2,20869
RL-07C1B4729F,34382
RL-07F8A08E5B,55735
RL-07F8A08E5B,60433
RL-07FED31DE2,20403
RL-08007C4939,35525
RL-080D492DDB,21760
RL-0812AD945E,20317
RL-0812AD945E,40568
RL-0812AD945E,40664
RL-081EFABFBC,29315#1
RL-0875D0171C,31395#3
RL-087D46DBDB,38690
RL-088A159EE4,21582
RL-088A159EE4,56409
RL-089D184BBC,35553
RL-08AE1468DE,2868
RL-08AE1468DE,4690
RL-08D81519E8,20410
RL-08D81519E8,37951
RL-0907F722D7,26979
RL-0945FE6009,20564
RL-096EA62BF7,9008
RL-0982140B91,37269
RL-09A1D0DD5B,19834
RL-09A1D0DD5B,26574
RL-09A1D0DD5B,27014
RL-09BDC81466,53728#1
RL-09DE2D59C2,68956
RL-09EEA12204,1854
RL-0A01B8CD7D,34728
RL-0A035DF182,34712
RL-0A075312BE,34614
RL-0A0EF49AD2,20392
RL-0A0EF49AD2,26565
RL-0A2229433D,21967
RL-0A344D6838,38396
RL-0A39E8E13A,42663
RL-0A416465A3,23934
RL-0A416465A3,55347
RL-0A416465A3,59640
RL-0A427D4D33,9206
RL-0A4E81DAFD,21290
RL-0A5985B1EE,27017
RL-0A602C5CBA,38615
RL-0A6455AE93,19858
RL-0AB4424408,23963
RL-0AD666D2CB,34826
RL-0B40A9E948,301589
RL-0B58225CEB,37194
RL-0B5C9FC899,21825
RL-0B62A27024,26972
RL-0B7E84302A,30311#2
RL-0B861EACFB,23948
RL-0B8C455260,1858
RL-0B8C455260,60675
RL-0B92CB8853,26513
RL-0B987784A6,59703
RL-0B9D0B50A1,22330
RL-0BBF3F574E,1870
RL-0BBF3F574E,20382
RL-0BBF3F574E,26969
RL-0BBF3F574E,40361
RL-0BBF3F574E,42991
RL-0BD9945F5B,42348
RL-0BF740B01D,21148
RL-0C2A73102D,38621
RL-0C2A73102D,9821
RL-0C33E78B0C,23244
RL-0C5C34A235,21895
RL-0C692610E4,19784
RL-0C692610E4,300401
RL-0C692610E4,42289
RL-0C692610E4,42777
RL-0C814032DE,37327
RL-0C814032DE,59635
RL-0C9329D963,20021
RL-0C9D49DE8E,35482
RL-0C9DCB5F7D,39356
RL-0CBE244B4C,21648
RL-0CBE244B4C,55335
RL-0CF1D91F7E,19491
RL-0D0B5065FF,22396
RL-0D0CA8235F,21721
RL-0D0DCFEC3D,10231
RL-0D0DCFEC3D,20205
RL-0D0DCFEC3D,55272
RL-0D0DCFEC3D,59607
RL-0D264E419B,19561
RL-0D3E8CC0D0,1819
RL-0D3E8CC0D0,20438
RL-0D3E8CC0D0,26976
RL-0D3E8CC0D0,42786
RL-0D585D6355,23138
RL-0D61023327,20415
RL-0D61023327,26581
RL-0D61023327,70956
RL-0D61023327,70957#1
RL-0D76E01745,21476
RL-0D7728D9A9,21803
RL-0D9DFB23C7,19818
RL-0D9DFB23C7,26518
RL-0D9DFB23C7,41576
RL-0D9EA0BAB4,34752
RL-0DC0AB4614,11772#3
RL-0DDF301D19,24244
RL-0DE034BA24,58843
RL-0DF4A5F1B5,42318
RL-0DFD0E838B,10358
RL-0DFD0E838B,22198
RL-0DFD0E838B,9482
RL-0E1CB537B2,38736
RL-0E2690AB4F,38757
RL-0E2690AB4F,55737
RL-0E26A00D51,20289
RL-0E30CB38A3,19876
RL-0E57684EF4,35506
RL-0E57684EF4,9235
RL-0E57DF2AEE,34780
RL-0E5C247C3A,1811
RL-0E5C247C3A,19767
RL-0E7D57641A,19927
RL-0E917F9F3C,19394
RL-0E9DE0E77E,36917
RL-0EA3B95227,21057
RL-0EF0F92109,38631
RL-0F19649017,19343
RL-0F19649017,55891
RL-0F1F6024B6,35392
RL-0F518BFACF,26617
RL-0F5632A050,20379
RL-0F5632A050,26583
RL-0F7C1F84A8,38276
RL-0FA26978BD,59636
RL-0FA26978BD,9186
RL-0FBB6B7F72,1803
RL-0FBB6B7F72,19887
RL-0FD2C905D7,20431
RL-0FD2C905D7,26607
RL-0FDDD2B3BB,37928
RL-0FE6C5E781,21650
RL-103991E80C,38589
RL-103991E80C,60567
RL-104928AD6A,20377
RL-104928AD6A,26626
RL-10678A991D,35509
RL-10678A991D,9234
RL-10B465BCAA,60594
RL-10B6E7B242,41578
RL-10BF40B114,26641
RL-10C48E10B0,35486
RL-10C48E10B0,9358
RL-10F3225380,34618
RL-112170C9A7,20238
RL-1129696E5D,19922
RL-117252D47B,35532
RL-11A30AD480,53313
RL-11A53B939A,37026
RL-11B38BCBA8,22451
RL-11CB5BEACB,23194
RL-11DD64DDC0,42387
RL-11DF730E49,23966
RL-11E8EF275F,21898
RL-12049C8942,35575
RL-120BE589E3,35526
RL-121CF4B0F1,35517
RL-12356CFE38,60676
RL-123687FDF1,21433
RL-12578C5C77,55647
RL-128D662B93,37335
RL-12D888C30B,34824
RL-12D888C30B,9221
RL-12FD649EE6,33933
RL-13032929D5,42388
RL-13032929D5,42813
RL-131331E486,19878
RL-131331E486,26628
RL-131B7AF08C,38604
RL-1361AFCF0D,24029
RL-138228711A,19881
RL-138228711A,26681
RL-138228711A,26688
RL-138228711A,27022
RL-138228711A,60667
RL-1392EB9642,22408
RL-139B67F467,23881
RL-13D4FF02A9,36952
RL-13E68928EC,36844
RL-13E8C884B4,51333
RL-13EEE53A18,42319
RL-13EEE53A18,42842
RL-140D7867C7,38908
RL-1410542C8E,20347
RL-1410542C8E,40693
RL-1410542C8E,42347
RL-14831D304B,38607
RL-14831D304B,55248
RL-14831D304B,55676
RL-1485C83DF2,38762
RL-1488E1BEFE,23133
RL-14C2A65255,21186
RL-14D580998E,37253
RL-14D580998E,9148
RL-14DF2AF970,1802
RL-14EBFC2A0D,38603
RL-14ECBD4E3A,20367
RL-14F0A7AB91,36963
RL-14F401A7FB,38527
RL-14F401A7FB,60529
RL-150F0A3E76,23160
RL-150F0A3E76,55474
RL-150F0A3E76,55734
RL-15192E3FBC,19492
RL-151B66FC17,19350
RL-15363C60AC,23933
RL-15363C60AC,9573
RL-1550468DF5,66944#1
RL-1550468DF5,66946
RL-155BD4EA62,21418
RL-15B25BF212,19398
RL-15BF25301B,42820
RL-15CFB6207C,38653
RL-15D11E8222,39010
RL-15E3C3A6C3,36842
RL-160FC49E7F,21311
RL-161081793B,35438
RL-161B65989E,27021
RL-161B65989E,42647
RL-161B65989E,61150
RL-16353CFD7A,79186
RL-1657DA204F,21137
RL-1659FBF7CB,26743
RL-165EF91694,36949
RL-16632D797A,38608
RL-166E4E3442,16115
RL-167318C10F,38683
RL-16C93C7FB0,20190
RL-16DD0E0201,38287
RL-17154F38AE,10429
RL-172A67A9F3,43013
RL-1731C65885,23844
RL-1738545125,20691
RL-1759AEFACE,21908
RL-1791EF4D40,21792
RL-1791EF4D40,55914
RL-17B9E81022,34428
RL-17CF2D9D55,38627
RL-17E4BE07E9,1845
RL-1825685146,35645
RL-1835285DBE,34788
RL-186AFFC9C7,42295
RL-18717B4CA3,19882
RL-1890238C60,20371
RL-18F47E05C4,34399
RL-18F47E05C4,55917
RL-190A9408E2,23254
RL-190A9408E2,9819
RL-19261A5969,35508
RL-192E465871,26962
RL-194EEC6584,19826
RL-194EEC6584,40343
RL-194EEC6584,42335
RL-199C191EE8,24030
RL-199C191EE8,59662
RL-199C191EE8,9768
RL-19AA307054,37404
RL-19C25EB5FE,58446
RL-19EFE6CC32,9248
RL-1A01C9C1A9,21145
RL-1A0D20B115,35397
RL-1A1B536626,19826
RL-1A966894F5,20184
RL-1A966894F5,9314
RL-1AC5B041DE,37931
RL-1AFA49E25B,1841
RL-1AFA49E25B,19772
RL-1AFEC00C10,23831
RL-1B06F0C59C,19877
RL-1B13FBDBF0,19860
RL-1B1F9D921E,35513
RL-1B2FEE1B2B,300425
RL-1B6445AD9D,34784
RL-1B88130B07,34714
RL-1BACDAD631,53318
RL-1BC21C6031,42381
RL-1BCD9382F3,34686
RL-1BE2C32B30,24305
RL-1BE2C32B30,59600
RL-1C288FC3A6,53222
RL-1C2CFBA7A6,35379
RL-1C2F22701D,38388
RL-1C30E8859F,56967
RL-1C3226F96E,72727#1
RL-1C34FF9FBA,1804
RL-1C34FF9FBA,19819
RL-1C50561422,42328
RL-1C50561422,42825
RL-1C50561422,42838
RL-1C50561422,42941
RL-1C5E41D10F,19592
RL-1C83D629FE,20321
RL-1C83D629FE,26558
RL-1C83D629FE,26992
RL-1C8671E0A2,26651
RL-1C9F235885,20319
RL-1C9F235885,42328
RL-1C9F235885,42825
RL-1C9F235885,42838
RL-1C9F235885,42941
RL-1CB34BB659,20411
RL-1CB481483E,53738#1
RL-1CDF72017D,23190
RL-1CFDEFFA85,26676
RL-1D1F81F14C,20219
RL-1D23598588,34424
RL-1D412B3817,21229
RL-1D412B3817,9779
RL-1D4B00FFA3,1813
RL-1D4E0A0F7D,24013
RL-1D4E0A0F7D,9330
RL-1D581442E3,23935
RL-1D59B9AE56,24072
RL-1D59B9AE56,60454
RL-1D6565A8CF,20418
RL-1D6565A8CF,26646
RL-1D6C2E85C7,20187
RL-1D71D0C8C2,19442
RL-1D71D0C8C2,55393
RL-1D71D0C8C2,9554
RL-1D9ADDC4AF,42946
RL-1DC57EC654,34757
RL-1DC80CD069,21693
RL-1DE94940D5,21067
RL-1DEDA6E36E,19871
RL-1DEEEE6DD2,38633
RL-1DEEEE6DD2,9121
RL-1DF2C6276C,29382#2
RL-1E032D3B1F,32243
RL-1E09187D24,21815
RL-1E13D9A01D,23166
RL-1E1DC175E4,34793
RL-1E2445DF73,19785
RL-1E467BDF64,38497
RL-1E77DB17B4,1865
RL-1E77DB17B4,19787
RL-1E77DB17B4,42657
RL-1E77DB17B4,42951
RL-1E77DB17B4,60599
RL-1E77DB17B4,60670
RL-1E77F5065E,19513
RL-1E91FA7B95,23709
RL-1E91FA7B95,55698
RL-1E99B1ABA6,26552
RL-1EA113CDF6,19923
RL-1EA113CDF6,26549
RL-1EA113CDF6,37957
RL-1EB0770F37,34592
RL-1EB0770F37,9191
RL-1EC3234CE0,1833
RL-1EC3234CE0,19773
RL-1ED63E9CDC,34280
RL-1EDC1B477C,34405
RL-1EF611954B,34166
RL-1F06759D42,1824
RL-1F06759D42,19757
RL-1F0C6F0650,39017
RL-1F109BB99D,20059
RL-1F381AF2D5,21108
RL-1F70742C43,21200
RL-1F86958197,19858
RL-1F86958197,42390
RL-1FA0E2B0F8,26506
RL-1FAECE4A3D,57272
RL-1FB8352BA3,21685
RL-1FB8352BA3,59603
RL-1FB8352BA3,9207
RL-1FC7713245,23706
RL-1FDD580FB8,23732
RL-20128C5C70,26705
RL-2019A7D967,35489
RL-201E872C61,36942
RL-2020A45424,22196
RL-203BF7F39E,38941
RL-205F0271A3,80
RL-206153466F,38630
RL-206750A83B,20880
RL-206BD49466,10651
RL-206BD49466,39008
RL-208B8098C5,19834
RL-208B8098C5,26574
RL-208E39B741,19966
RL-20A69721B9,20337
RL-20B402F38E,10633
RL-20B402F38E,38384
RL-20B402F38E,60435
RL-20CA35E14C,38671
RL-20CA35E14C,55782
RL-20D7BD2D16,20395
RL-2113380187,35566
RL-2128284289,35637
RL-21527CED6C,10183
RL-21527CED6C,23260
RL-21527CED6C,55253
RL-21527CED6C,55915
RL-21533352DA,21144
RL-2157369C13,27483
RL-2157369C13,31395#1
RL-2162619307,20406
RL-2162619307,26527
RL-2162619307,37981
RL-217648D50F,19413
RL-219E2F3DB3,20580
RL-21AAFA5CE2,37928
RL-21C8EC1D5B,19911
RL-21F201219E,42376
RL-21F201219E,68911
RL-220363DDA6,20312
RL-220B7D70F4,35483
RL-222C1DA7D8,34410
RL-222C46A5AC,19751
RL-222E6BC5D4,19839
RL-222E6BC5D4,26993
RL-2250699A97,19445
RL-2250699A97,55682
RL-228992D43E,20367
RL-228F2BE98C,9223
RL-2290A3921A,19746
RL-2290A3921A,26512
RL-2290A3921A,26972
RL-2302E0E40E,35532
RL-230A4A24F7,20355
RL-2311B53EF6,23828
RL-231229F1DA,19813
RL-231A17C6DF,1855
RL-2324D30B70,35582
RL-2324D30B70,60456
RL-2350B1BE92,41795
RL-2356E2C2B8,37016
RL-236B83B040,37959
RL-237961B266,37304
RL-239D59B8F0,21668
RL-23C0AB6FAA,34785
RL-23DF021F9C,23858
RL-23E73753A6,10344
RL-23E73753A6,34674
RL-24099C4058,20111
RL-2426518ED0,36931
RL-2428332054,38434
RL-242F7FA48C,34392
RL-24537FABD0,20050
RL-246C8AE03D,34394
RL-246EBB2DB5,20314
RL-247AEE1E65,1838
RL-247AEE1E65,19867
RL-2481B6982E,37962
RL-24993D24E4,20386
RL-24993D24E4,26519
RL-24993D24E4,40683
RL-24993D24E4,42702
RL-24AE2AF4BA,19521
RL-24B6B6A976,33038
RL-24B6B6A976,33673
RL-24BA97D32D,21716
RL-24DAC5A1BF,21682
RL-24DAC5A1BF,55236
RL-24DAC5A1BF,55643
RL-24EDEBDEE2,19343
RL-24EDEBDEE2,55891
RL-24EEF4310C,20171
RL-24F4492E40,20385
RL-24FB19326F,10817
RL-24FB19326F,21522
RL-24FB19326F,59733
RL-250F034EFB,1851
RL-251020B1A8,20350
RL-2515837520,23145
RL-25185B72EE,20415
RL-25185B72EE,26581
RL-2532177284,10328
RL-2532177284,20568
RL-2532177284,60504
RL-25323F111D,19785
RL-2537682255,39005
RL-25437F6776,26513
RL-255133462A,23887
RL-2572170EC5,19362
RL-257CBF75BF,9454
RL-25895BA9B1,21812
RL-25B79E37A2,40407
RL-260F2CD170,23883
RL-262428F8D0,37190
RL-262A826520,19557
RL-262A826520,9290
RL-26643B41EB,23805
RL-267D2D3CFC,57002
RL-26861BECA6,1828
RL-26A6DCD4C8,21573
RL-26B2DFEBA2,23131
RL-26C2618B7B,20370
RL-26CF3A3BF6,19410
RL-26EAED669F,35523
RL-26FD481154,36946
RL-27105172F5,37069
RL-27281113E4,35517
RL-2747382C51,16102
RL-275C8B0305,23990
RL-275F4A339F,20203
RL-275FEB2A87,26512
RL-2772C6E110,9775
RL-278A612882,23897
RL-278C0F86B1,19862
RL-278D78087D,23726
RL-278F20056E,20236
RL-27E3555584,11003
RL-27E3555584,37030
RL-27F05B3A59,19828
RL-28172FA6AD,38606
RL-28228CD4AD,21579
RL-282353CBB1,1818
RL-282CD40F00,42814
RL-282CD40F00,42921
RL-282CD40F00,60669
RL-282CD40F00,68912
RL-282E7B0BF3,20052
RL-284F336EE9,35412
RL-2852EFA2FF,60677
RL-2894CFE9D8,35579
RL-28A2B18075,42999
RL-28B8B0FA19,19444
RL-28B8D5CBC0,33674
RL-28D8F23629,19784
RL-28E70A4658,10819
RL-28E70A4658,23973
RL-28FE7FE2A8,37418
RL-29061929E8,19401
RL-29285774E8,1843
RL-29285774E8,19907
RL-292B8753CC,35382
RL-2952EBF292,19590
RL-296613F08A,20373
RL-296C321994,22338
RL-297A687852,38632
RL-298DF74403,34715
RL-2995EFC7A6,1842
RL-29B25E9AFE,34613
RL-29D54E8D12,21753
RL-29E87F4126,20011
RL-2A2058633D,61145
RL-2A3BB4C65A,23848
RL-2A3BB4C65A,55693
RL-2A495A2D6A,38495
RL-2A49F56BA7,35585
RL-2A585CC5C6,41644
RL-2A765EF572,21471
RL-2AA2122090,37967
RL-2AAF5237BE,1830
RL-2AAF5237BE,19749
RL-2AB2A456AF,37191
RL-2AB77F9A33,26590
RL-2AB77F9A33,29365
RL-2AD5898046,45586
RL-2AE18C141D,20404
RL-2AE5F49B35,1873
RL-2B34B05B60,1831
RL-2B37BA898F,10254
RL-2B37BA898F,24004
RL-2B597ABB12,26737
RL-2B6901F9DB,21164
RL-2BB76304FC,9010
RL-2C24C4094A,26971
RL-2C4594104E,10735
RL-2C4594104E,38741
RL-2C6E81A57D,23785
RL-2C71835772,10216
RL-2C7CACC241,35414
RL-2C9FD4DEED,38613
RL-2CC44F6FE5,19779
RL-2CD7CB1CD6,34758
RL-2CEE6E19ED,26629
RL-2CEE6E19ED,37959
RL-2CEE6E19ED,43008
RL-2CEE6E19ED,54708
RL-2CEE6E19ED,61156
RL-2D1F0F6C51,23144
RL-2D208D4C42,26738
RL-2D208D4C42,37958
RL-2D214978EB,34435
RL-2D3BB84B35,20287
RL-2D58C5F319,20351
RL-2D6F960978,59672
RL-2DA7783C4E,1838
RL-2DA7783C4E,19867
RL-2DA7783C4E,42791
RL-2DBDC74DE6,34624
RL-2DBDC74DE6,8984
RL-2DC939EC5A,42918
RL-2DEF6BE49E,24022
RL-2E25BC63CA,19361
RL-2E25BC63CA,9164
RL-2E298ECFCA,1868
RL-2E528EFABA,19818
RL-2E528EFABA,26518
RL-2EB0CD4D57,69626
RL-2EBFB98F13,20340
RL-2EBFB98F13,42380
RL-2EBFB98F13,42936
RL-2EC2D2D116,35372
RL-2EC2D2D116,55247
RL-2EC4A1EBE3,38637
RL-2EECD9E7E0,23993
RL-2EEECB24A0,20567
RL-2EF9C2B006,1810
RL-2F2010812F,21192
RL-2F22653A74,1807
RL-2F5C08CEAD,26644
RL-2F5D6384FE,34757
RL-2F60DF7865,19813
RL-2F980E8F7E,37955
RL-2FA5AB9BDA,21865
RL-2FBDA07A8C,20314
RL-2FBDA07A8C,26954
RL-2FBDA07A8C,40471
RL-2FC79D3E84,55787
RL-2FDC3B8DB2,42389
RL-2FE1FE916B,21877
RL-2FF01A36F5,1839
RL-300C1D7D21,66459
RL-30D3977EAE,19833
RL-30D3977EAE,42322
RL-30E10DD1AE,34388
RL-30F76D9D54,21304
RL-3101C67091,35400
RL-3103FC98F4,35616
RL-3103FC98F4,59599
RL-3103FC98F4,9244
RL-313E146F88,55361
RL-315BC6C89D,21443
RL-3168844660,29295#2
RL-31823B52EF,19488
RL-318A58CA81,19865
RL-318A58CA81,26609
RL-318A58CA81,26700
RL-31A4A79715,19359
RL-31AB6CAEEE,20882
RL-31B354DF55,1835
RL-31B6B626D0,21830
RL-31C442B162,22375
RL-31CFA5659A,21810
RL-321D89FF71,21890
RL-32478B9DD9,21468
RL-3260AAAE51,21789
RL-326BC35E6A,19498
RL-326BC35E6A,9804
RL-3288907FCD,22462
RL-32B47A5D40,10212
RL-32BC7C764D,19782
RL-32BC7C764D,26546
RL-32BC7C764D,42782
RL-32BC7C764D,87
RL-32E7E880D4,10377
RL-32E7E880D4,35617
RL-32E7E880D4,55728
RL-32E7E880D4,55864
RL-32EDA5F7BA,26700
RL-32F150C478,34436
RL-32F1D94CF3,1860
RL-3323B42102,26991
RL-333FC882AA,35452
RL-338027B4C7,9309
RL-33897F67B2,19829
RL-338F155CCC,21876
RL-3399539350,20413
RL-339D978DAD,21433
RL-33CDD1A226,20572
RL-340D9A1334,22199
RL-342EED1D8E,35462
RL-342EED1D8E,9569
RL-343F5EC1B0,1829
RL-3443F3682F,21798
RL-3445742760,42850
RL-345C0DBAC1,21443
RL-3492280BFF,21235
RL-34BFD57BBE,26702
RL-34DCDB5A63,20283
RL-34E25A8CFF,19778
RL-3503364387,20407
RL-351988167E,1822
RL-351F50E270,33674
RL-353C479799,26606
RL-35531B896C,36863
RL-357023EE82,26509
RL-35876B115B,35587
RL-35D2C2556E,21054
RL-35F47B8EC3,19906
RL-360E687A7B,1858
RL-360E687A7B,60675
RL-360F561F96,29329#2
RL-361DC745CE,19922
RL-361DC745CE,42316
RL-361DC745CE,42775
RL-362CD7BD0D,20541
RL-363059734C,1874
RL-363059734C,19796
RL-363059734C,42820
RL-3652A19939,10207
RL-3652A19939,34396
RL-366C457100,21673
RL-367FA9C101,19836
RL-36E37F1AEB,20159
RL-36E37F1AEB,21375
RL-36F94FFABA,20406
RL-36F94FFABA,26527
RL-3715BE77E2,20362
RL-3715BE77E2,26679
RL-371B2B44CE,19873
RL-371B2B44CE,26975
RL-371B2B44CE,42686
RL-374EE8F83B,23942
RL-374EE8F83B,9773
RL-3761B670D1,26676
RL-377C7BB8EA,38297
RL-378EB62336,35399
RL-378EB62336,59736
RL-379023F61F,26965
RL-3799504218,23811
RL-37A8BFADF2,38268
RL-37A8BFADF2,60450
RL-37BAF82969,10205
RL-37D625BDC4,34600
RL-37EBE16239,10834
RL-37EBE16239,19971
RL-37EBE16239,55386
RL-37EC4A6C2C,21756
RL-37ECC823FA,38601
RL-3812C87124,36845
RL-38366E180C,22888
RL-3838DDAA5D,22474
RL-387C3E2358,300399
RL-38909E272F,34708
RL-389C3D7BC5,19983
RL-38B47B85B0,20005
RL-38CA6A9967,20352
RL-38CA6A9967,26561
RL-38CA6A9967,42653
RL-38DD457184,1853
RL-38DD457184,19786
RL-38DD457184,26986
RL-38DD457184,40415
RL-38E591D491,35516
RL-390CFE08D1,40534
RL-392866C285,34407
RL-392D0A0710,20703
RL-393B5C0981,38609
RL-395337908D,21167
RL-3995CE7A77,20163
RL-3995CE7A77,55871
RL-3995CE7A77,59606
RL-39966C2D07,26570
RL-39B27C079B,37067
RL-39C6920769,35496
RL-39CD9548D6,19350
RL-39DC751036,10342
RL-39DC751036,35490
RL-3A055039F5,38529
RL-3A055039F5,38624
RL-3A1BE8CBEC,38663
RL-3A1BE8CBEC,60530
RL-3A28F8C26E,23875
RL-3A2FADDDA8,42301
RL-3A2FADDDA8,42385
RL-3A2FADDDA8,42840
RL-3A34D94A94,22377
RL-3A4CFAA38F,35578
RL-3A61058553,35510
RL-3A8E575DBB,19860
RL-3A9160B46E,69636
RL-3AC0D38ACA,21910
RL-3AC4E17D98,37935
RL-3AD04D6D44,21146
RL-3AE3273652,21806
RL-3AE558798E,35648
RL-3AE558798E,9811
RL-3B01EB35CA,40534
RL-3B02C0581C,60658
RL-3B4B80F7D3,1869
RL-3B5B45875E,26670
RL-3B8DC32B25,38634
RL-3BFD393A11,23147
RL-3C07F80277,36393
RL-3C07F80277,36394
RL-3C312DE4E2,78071
RL-3C3F2169FC,20327
RL-3C44C17CA7,34783
RL-3C5E104467,58870
RL-3C67CCDE9D,19812
RL-3C67CCDE9D,26625
RL-3C751C0743,19869
RL-3C89B933A8,20357
RL-3C89B933A8,26526
RL-3CB084F5DB,21523
RL-3CC40972AC,19889
RL-3CC40972AC,79168
RL-3CDF856931,35386
RL-3CE5BA1496,19801
RL-3CE5BA1496,26547
RL-3CF8EEC8D7,19766
RL-3CF8EEC8D7,26517
RL-3D04310693,35419
RL-3D10F81022,19747
RL-3D10F81022,26592
RL-3D1A37921C,29642
RL-3D4732CE25,40466
RL-3D4F039CCE,20399
RL-3D57A05D39,22938
RL-3D604D65E5,24239
RL-3D79EE5064,57435
RL-3D7E072289,66458
RL-3D8D661088,35436
RL-3D91E3CB01,9211
RL-3D9A62F7A2,23843
RL-3DCA302345,27014
RL-3DDA008DF4,35418
RL-3DDA008DF4,55370
RL-3DDA008DF4,55861
RL-3DDA008DF4,59705
RL-3DE677AC7D,21879
RL-3DE677AC7D,59637
RL-3DEEEAA321,20523
RL-3DFDC09FF9,38764
RL-3E04469411,34591
RL-3E0D16292C,19502
RL-3E1E4395D3,42334
RL-3E3788E154,35548
RL-3E46BDFB07,35458
RL-3E7D9304F1,23139
RL-3E88FF6359,20188
RL-3E88FF6359,55929
RL-3E88FF6359,9204
RL-3E93322027,35577
RL-3E9A481FBE,19771
RL-3EC15DAC02,21904
RL-3EFB11008F,42665
RL-3EFB11008F,42769
RL-3EFB11008F,43001
RL-3F21A53CA4,22192
RL-3F53042EAD,19900
RL-3F53042EAD,42345
RL-3F53042EAD,42377
RL-3F53042EAD,42378
RL-3F59E47126,34426
RL-3F641E1205,35530
RL-3F7B66F1A0,19808
RL-3F7E262038,35403
RL-3FA0D00E19,36968
RL-3FB6DFCEEF,34478
RL-3FBEC5E27C,23168
RL-3FBEC5E27C,59656
RL-3FBEC5E27C,59660
RL-3FBEC5E27C,60579
RL-3FC304B7CC,21430
RL-3FC5CE7E3A,20226
RL-3FDBFC5113,38970
RL-3FEC4CCDB0,22925
RL-4004C40E32,301596
RL-400C43B4E2,34729
RL-401EB91BC0,60685
RL-4030F76815,20412
RL-4030F76815,26962
RL-4030F76815,37946
RL-4030F76815,91
RL-403A55BDB8,23134
RL-4066659F3F,26573
RL-407E8609AE,23715
RL-409CA597F5,26984
RL-40B4722E6C,38617
RL-40F7C6CB2A,21251
RL-41261419E9,16127
RL-41660A5FDF,34407
RL-417490650C,26613
RL-419B4059A4,19885
RL-419B4059A4,93
RL-41A4375B75,37224
RL-41DC5B6396,21555
RL-4206AA260E,38644
RL-4206AA260E,58874
RL-4206AA260E,9313
RL-422F3C6D9C,10270
RL-422F3C6D9C,10289
RL-422F3C6D9C,23710
RL-4231D67F82,37358
RL-424012930F,34807
RL-425A5B8B56,20409
RL-42AC45551B,42926
RL-42B7499D2A,21662
RL-42C5F63533,35420
RL-42C5F63533,55765
RL-42CCE4C136,34482
RL-42D9DE9827,38971
RL-42DF700522,26593
RL-42EDA86D3E,23879
RL-42FB79EDE6,27026
RL-43277030A3,40723
RL-4384A6933D,34425
RL-4398622341,38674
RL-43A707B61B,9498
RL-43E580EE52,26981
RL-43EBCE97F9,19447
RL-440161EAE4,35556
RL-4403B0BC5C,21667
RL-440B4F8125,34792
RL-440B4F8125,9793
RL-441520878E,1836
RL-441520878E,60687
RL-4423B26288,42279
RL-4423B26288,60648
RL-4426F5D67C,10236
RL-4426F5D67C,20578
RL-4426F5D67C,55724
RL-4437A57EFE,1847
RL-4437A57EFE,26693
RL-443934A67D,60682
RL-443934A67D,68906
RL-443F2F68E4,20525
RL-4445737528,20185
RL-4445737528,55685
RL-4445737528,55824
RL-4454C194D8,20160
RL-44625369C9,21802
RL-4486AC6B54,24310
RL-4486AC6B54,9202
RL-4486AC6B54,9401
RL-44887F0D2F,36928
RL-449CED5DC8,21808
RL-449F0F28C0,22885
RL-44D11DF8A2,21683
RL-44D6169295,30312#3
RL-44E8A401C4,34718
RL-44F72DAD2A,23968
RL-451713D217,21875
RL-4542C58C48,38628
RL-4545CD28F0,66454
RL-45D63FB0D6,26663
RL-46067511EA,35647
RL-46067511EA,55287
RL-46067511EA,9013
RL-460C660EFC,34287#3
RL-462B206EEA,19816
RL-462B206EEA,42810
RL-462DE21C38,55826
RL-463CE764A8,59753
RL-464608CE1E,20362
RL-464608CE1E,26679
RL-46471D675C,10295
RL-46471D675C,34711
RL-46471D675C,66457
RL-466388D6B1,20702
RL-466E7E2499,20332
RL-466E7E2499,27019
RL-466E7E2499,42301
RL-466E7E2499,42385
RL-466E7E2499,42840
RL-46952EF160,26635
RL-469C3A4F6D,21720
RL-469D122FEF,38830
RL-46B453D21E,19790
RL-46B453D21E,26971
RL-46C3D8612C,20342
RL-46C3D8612C,26586
RL-46DCE44A6C,20596
RL-46E0E7CCEE,27017
RL-46E37B667E,29413#2
RL-4701623386,22928
RL-471214D0FE,21117
RL-473185F368,34781
RL-473C4AE7E0,19335
RL-473EFE4014,55787
RL-4748C2BAF9,34418
RL-4768D501E4,35530
RL-47819FCF9D,34726
RL-47A193479F,34803
RL-47BE4E7B59,20885
RL-47F8278876,38944
RL-480B66B2D3,26555
RL-481FEFE118,23788
RL-48424608B2,34818
RL-48518E5463,26740
RL-485926C1AB,19345
RL-4881B13F53,21345
RL-4881B13F53,55751
RL-488679A8F6,19868
RL-48A0B2760E,21955
RL-48A9BD6FD4,20055
RL-48A9BD6FD4,55777
RL-48E28D24F6,20334
RL-48E28D24F6,26554
RL-48FA478894,36956
RL-490E25120A,19783
RL-49491F7F60,35478
RL-494EC9D5C6,26557
RL-49686D27D1,23741
RL-4971CA613D,61151
RL-49AF29661B,35443
RL-49B72EF0BD,26737
RL-49D6A6EFCF,20329
RL-49D6A6EFCF,26553
RL-49D6A6EFCF,42697
RL-49DB9F0854,34775
RL-4A06775FEF,23801
RL-4A12F61253,34797
RL-4A1A6D0ECE,21526
RL-4A1A6D0ECE,55290
RL-4A1A6D0ECE,9802
RL-4A1A6D0ECE,9813
RL-4A47462B7C,1857
RL-4A47462B7C,19741
RL-4A47462B7C,26968
RL-4A47462B7C,37970
RL-4A47462B7C,42946
RL-4A47462B7C,66873#1
RL-4AB4763BB4,26631
RL-4AB8CD38F2,19888
RL-4ACCD986A7,34729
RL-4AD23F57B7,10325
RL-4AD23F57B7,35417
RL-4AF2A15B1F,35374
RL-4AF2FE5E9F,34657
RL-4AF2FE5E9F,9321
RL-4AF4120527,29326#2
RL-4AF4120527,29332#2
RL-4AFDA1DA93,42325
RL-4B16EAF9B9,29295#1
RL-4B5AD2200D,20887
RL-4B7202553F,26582
RL-4B7B436CC6,9019
RL-4B887DF039,35444
RL-4B887DF039,59604
RL-4B887DF039,59627
RL-4B9ADC796D,38290
RL-4B9F15950E,1879
RL-4BAB377CEB,19852
RL-4BC9EC80C6,26611
RL-4BEEF71A24,42952
RL-4C16DDEE8C,35505
RL-4C31FD247A,37956
RL-4C36FDCE75,23172
RL-4C4E5B20B2,29315#2
RL-4C6A237985,21093
RL-4C82039084,27799#1
RL-4C84FB66CC,30314
RL-4C9B0FFFB2,23935
RL-4CA45EC4EA,40693
RL-4CA45EC4EA,42347
RL-4CB44A02BD,37406
RL-4CE395EC85,42915
RL-4CE395EC85,42968
RL-4CE683ED4A,1832
RL-4CE683ED4A,19765
RL-4CE683ED4A,61158
RL-4D0101D205,38645
RL-4D3A7A977A,20323
RL-4D670DCE4B,38972
RL-4DC4786F3F,39011
RL-4DC9DE9375,26965
RL-4DC9DE9375,42996
RL-4DCAB85019,21806
RL-4DF1F5FBDF,36809
RL-4DFF63D56B,19821
RL-4E1240E870,58863
RL-4E1E4A0D72,21814
RL-4E745A90B4,34800
RL-4E93647BD8,42312
RL-4EAA6AC73E,1846
RL-4EAA6AC73E,20330
RL-4EBDA57DB1,24070
RL-4EBDA57DB1,9226
RL-4EDD45FAD6,34741
RL-4EE9C2D4B3,21235
RL-4F008A44D0,24033
RL-4F2F734C90,19877
RL-4F39836679,1856
RL-4F39836679,19755
RL-4F39836679,60679
RL-4F4424C07D,33867
RL-4F5FDF93F9,10659
RL-4F648915A6,20212
RL-4F9DE91A15,22397
RL-4FC9793617,23162
RL-4FC9793617,9229
RL-4FD1CCC380,1860
RL-4FD8D6AEDC,37965
RL-4FDAC23344,20383
RL-4FDAC23344,26588
RL-50050951A3,10175
RL-50050951A3,38531
RL-5020B5D2E8,34720
RL-5034F000FE,19986
RL-503EB7F5EE,20049
RL-50A590A643,38493
RL-50E5201887,55454
RL-50FCFD0A0A,19888
RL-51606B76B0,35502
RL-5160BC2199,21684
RL-5160BC2199,9182
RL-5177AB48DF,19890
RL-518D1F3371,34434
RL-5195AC37DC,23912
RL-5196238FC0,30311#1
RL-5196238FC0,30312#1
RL-5196238FC0,34068#1
RL-5196238FC0,37329
RL-5196C22294,19831
RL-51BD1AEF5B,29329#4
RL-52019B3BFE,20434
RL-52019B3BFE,37038
RL-5209CB91DB,26957
RL-5218CAE23A,37166
RL-52531BE862,35385
RL-52531BE862,55268
RL-52531BE862,55829
RL-5261304996,34380
RL-528AE50C9C,42954
RL-52BBE304B0,38687
RL-52BC23F560,35629
RL-52C7E01F18,34779
RL-52DB4D066D,42329
RL-52EA223D5C,19752
RL-5320CE13D4,38608
RL-532C68BF83,35428
RL-5333E19FD3,35426
RL-53398EF42B,34713
RL-53398EF42B,55240
RL-53578A56F3,9203
RL-53A6D5EB2D,20392
RL-53A6D5EB2D,26565
RL-53A6D5EB2D,27018
RL-53B23FD9FE,35501
RL-53CF96AC38,79186
RL-53D8EDE2F5,34410
RL-53F3D94A1B,1813
RL-53F90265DC,19321
RL-540CE3B4D1,38852
RL-54178FF0D6,31395#4
RL-54247FAED3,10155
RL-542B7AC2FC,33979
RL-544CFD19DD,301597
RL-5455229CAC,10382
RL-5468D8703B,26551
RL-5482C04B41,23947
RL-54947248D7,23743
RL-54B2E4248A,20353
RL-54B2E4248A,26642
RL-54B7235F3F,20217
RL-54EAE57A76,38279
RL-54EAE57A76,55869
RL-54EAE57A76,59715
RL-54EAE57A76,60534
RL-54EFCC2A6B,19917
RL-54EFCC2A6B,26659
RL-54FB16EFF1,23939
RL-550C6ECA54,40592
RL-55277C764A,20528
RL-5533EDC698,21149
RL-5539EB4D34,42344
RL-5539EB4D34,42763
RL-553A5449BC,33867
RL-554343F8C8,20189
RL-554343F8C8,9231
RL-554B79A4A0,34801
RL-554C1100FD,19865
RL-554C1100FD,26609
RL-554E3F18A5,34398
RL-559E97A3F0,34604
RL-55A1A74E27,35469
RL-55A43D44B6,10588
RL-55BB7CE5F2,19910
RL-55BB7CE5F2,42329
RL-55BC5003AD,11001
RL-55C4870C77,9006
RL-55C588759B,43017
RL-55D6C7E517,23146
RL-55FB83723E,38745
RL-56114C6145,22881
RL-56114C6145,60467
RL-562C198677,60671
RL-56333F3A8B,19919
RL-56333F3A8B,26657
RL-565DE3058B,26545
RL-5663BD5957,20328
RL-56AE4B4139,10129
RL-56AE4B4139,35627
RL-57257FF69A,23351
RL-573DA655E9,38899
RL-57409ACBE8,38542
RL-57409ACBE8,55773
RL-57628D9C45,23970
RL-57641B0027,26651
RL-57675D88AA,38860
RL-576D062AB5,20616
RL-578D332FF3,20377
RL-578D332FF3,26626
RL-578D332FF3,43017
RL-579B37D0B6,34742
RL-579B37D0B6,9781
RL-57B24AD4F4,21672
RL-57BBB6DC1F,38602
RL-57D0FBE171,42349
RL-57D2C73007,34619
RL-57E25BB9AF,19828
RL-5804371BBF,19774
RL-5804371BBF,26665
RL-5825E50B97,41649
RL-58298D2BD3,9245
RL-584F82FA6A,37251
RL-584F82FA6A,9553
RL-5862C9E1EF,26695
RL-5863085167,10192
RL-5863085167,21319
RL-5867A021B8,35441
RL-5867A021B8,55827
RL-586C685F8C,33942
RL-587FB9CA4A,21345
RL-587FB9CA4A,55751
RL-5892C9AA3B,19793
RL-58A294931B,60650
RL-58AB63BC31,37303
RL-58AF118A6B,38278
RL-58B8E83E44,21058
RL-590346FCA8,35631
RL-590346FCA8,55920
RL-590346FCA8,59691
RL-592A1008FB,37937
RL-5936D49581,20532
RL-59502BDACE,1878
RL-596977C3FA,59658
RL-59D3FE8910,38926
RL-59DF4E48A6,38944
RL-59F109879D,10352
RL-59F109879D,38746
RL-59F109879D,55266
RL-59FF22BACC,26986
RL-5A00BBE9AE,43396
RL-5A00BBE9AE,61173
RL-5A089AF3A7,34606
RL-5A089AF3A7,9796
RL-5A20A57692,38759
RL-5A20A57692,55811
RL-5A2E49CB1B,21054
RL-5A42CBDC41,22871
RL-5A42CBDC41,35519
RL-5A5C82D658,21689
RL-5A9069CCD4,22408
RL-5AAD049DD6,35593
RL-5AAD049DD6,9220
RL-5ABAAC7380,19817
RL-5ACE57675A,19974
RL-5AD13E37CE,26960
RL-5ADD123334,38619
RL-5AE78F5F6A,21295
RL-5B08AE8E98,42708
RL-5B08AE8E98,60686
RL-5B1E905360,58850
RL-5B2F0ABC76,20145
RL-5B31026F50,1881
RL-5B31026F50,42392
RL-5B35BB3864,1864
RL-5B581DDA34,19400
RL-5B581DDA34,60440
RL-5B6515179A,10548
RL-5B73712966,23259
RL-5B73712966,9257
RL-5BD4A1112B,19775
RL-5BEC84819F,22315
RL-5BEE693616,19873
RL-5BF2647BBE,23242
RL-5C18BD4F61,19398
RL-5C2D8B517A,9203
RL-5C43E9B842,24021
RL-5C480A309C,23142
RL-5C6C4C0106,40466
RL-5C7A4DF192,34383
RL-5C80FE43F7,20175
RL-5C90A82335,35551
RL-5C90A82335,9218
RL-5C92E31989,23904
RL-5C9DB9AA22,38664
RL-5CA535F7EB,21952
RL-5CA6C74101,42278
RL-5CA6C74101,42817
RL-5CC74CFA4C,16086
RL-5CE6D27C9C,1879
RL-5D0C17AB2A,38294
RL-5D21DFEB32,23173
RL-5D3781A67F,23167
RL-5D3E73BFB5,34782
RL-5D3E73BFB5,9001
RL-5D42DDC831,20373
RL-5D4DC38DC4,19350
RL-5D60389545,29329#1
RL-5D76912407,55882
RL-5D76912407,59648
RL-5D924D53A3,20280
RL-5DBFCEEEBE,23150
RL-5DD990C36A,38411
RL-5DD990C36A,9310
RL-5DE12CE1B9,53223
RL-5DFA541717,21664
RL-5DFDA859A5,21905
RL-5DFDA859A5,55923
RL-5DFDA859A5,58875
RL-5E1D0E12BA,19924
RL-5E27E6F377,38839
RL-5E35EB475A,39016
RL-5E38A37D4D,22443
RL-5E54783436,20157
RL-5E55A4D069,37188
RL-5E709C74DE,59671
RL-5ED2BBBB2E,53736#1
RL-5F069DE6CF,38918
RL-5F09B90E43,79211
RL-5F186BF8B9,35515
RL-5F1C5E55C0,23971
RL-5F3703EC77,38923
RL-5F380CD8BA,20376
RL-5F6403CF4B,38859
RL-5F652092DF,29326#1
RL-5F652092DF,29332#1
RL-5F68605E96,19921
RL-5F85246F87,35479
RL-5F948E1330,1805
RL-5F948E1330,3462
RL-5FB3AE55DE,42655
RL-5FB3AE55DE,42966
RL-5FC63D4498,9831
RL-5FE68A049A,21671
RL-5FF266BB6D,20411
RL-5FF266BB6D,26702
RL-5FF362CF90,20352
RL-5FF362CF90,26561
RL-5FFD112586,36959
RL-6013C5E574,60667
RL-6036B15117,37398
RL-606B97401C,21587
RL-6070470E13,35554
RL-60707277F4,1834
RL-60810BAA15,1876
RL-6088A89056,34724
RL-6088A89056,55292
RL-6088A89056,55305
RL-6088A89056,60437
RL-609008A6D7,34787
RL-60BC076BC8,34438
RL-60C1FEE0D2,21702
RL-60CEF18B1D,33060
RL-60E9E3D7C9,35504
RL-61064CD667,9210
RL-61064CD667,9436
RL-6110225C32,20316
RL-6110225C32,26618
RL-6110225C32,42326
RL-6110225C32,42346
RL-611AA06D8E,10501
RL-6128003D9A,24023
RL-612FD75D30,23967
RL-61621A635E,19973
RL-6163AA5877,19846
RL-6163AA5877,26560
RL-616B768153,40568
RL-616B768153,40664
RL-61974C65FF,22920
RL-619A4946FA,23733
RL-619A4946FA,60447
RL-61ED5E42C7,59700
RL-62212ED91F,23886
RL-62375E6301,35440
RL-62375E6301,55696
RL-62375E6301,59673
RL-626BFEE6D6,26985
RL-626F3AC9B4,22223
RL-6276C61D40,79413
RL-62908AF8A9,21652
RL-62908AF8A9,8980
RL-6297129226,40471
RL-62C67F9198,42391
RL-62C988C766,35411
RL-62CBD0B7F4,19515
RL-62DEAEDC0A,20874
RL-6334ECD068,35392
RL-634E647952,1872
RL-637696C19E,37964
RL-6380B0C58A,23718
RL-6380B0C58A,9786
RL-639D5CBA74,23806
RL-63AE4AB96A,34646
RL-63BCA44A8C,35614
RL-63BCA44A8C,9242
RL-63CADBABE3,55757
RL-63E5F91860,22939
RL-63E5F91860,55928
RL-64016A78E7,21757
RL-6423A6C507,55795
RL-64273A4A05,20349
RL-64273A4A05,42331
RL-6435A49AFE,34386
RL-643A85AE95,10279
RL-643A85AE95,20114
RL-644017E465,21140
RL-644145EC54,11772#1
RL-6457DA56D0,37312
RL-646D82C75F,20154
RL-64D6F3B64F,38843
RL-64D7919EB9,20374
RL-64D7919EB9,26742
RL-64D7919EB9,60681
RL-64FFAA53AF,23962
RL-65025AF252,21473
RL-65051F59EF,20583
RL-6517C058BB,38960
RL-652AEC37A3,35388
RL-652AEC37A3,55251
RL-652AEC37A3,58871
RL-652AEC37A3,9795
RL-6555E909A9,22349
RL-6597C9CCF3,21588
RL-65A711AD13,23734
RL-65B54E19AB,301597
RL-65DE110BF1,34718
RL-661517A872,36945
RL-661C40B7F5,38612
RL-6641F48AEA,34735
RL-666CA0EE50,20282
RL-6673410DBB,21583
RL-667E635333,1852
RL-66BA922F32,41576
RL-66C749D506,26975
RL-66D060F880,34829
RL-66E69702E3,20888
RL-66EB2DF411,28876#4
RL-66EB9150BD,34808
RL-66EB9150BD,9103
RL-670E9BDE62,35473
RL-6714BE0B84,1800
RL-6716243216,1805
RL-6716243216,3462
RL-67541890F1,20022
RL-67541890F1,55913
RL-67541890F1,9102
RL-675D16637D,38610
RL-675D16637D,9777
RL-678DBC3018,19789
RL-679E228384,35583
RL-679E228384,55799
RL-67A4825766,23882
RL-67D496349C,37381
RL-67DB13AFBD,301598
RL-67F32B82E8,16088
RL-68076D49BA,20878
RL-6809808AB4,23713
RL-680E3C7C83,19766
RL-680E3C7C83,26517
RL-68471703D0,1857
RL-68471703D0,19741
RL-6852F72540,10510
RL-6868A2150C,19554
RL-6874C69DD7,38743
RL-6875FB3FB3,1849
RL-687C24B1A5,35411
RL-688FC4741F,26624
RL-68A4FF6566,21670
RL-68CE791C31,21956
RL-68D6F8A037,35378
RL-68D6F8A037,55222
RL-68DDC5BC86,60645
RL-68DDC5BC86,60683
RL-68FDD21F2C,42326
RL-68FDD21F2C,42346
RL-6918FF0762,39015
RL-692A3EDE8A,21242
RL-69467618D9,21704
RL-69524A3A88,34620
RL-69836058E7,19904
RL-69836058E7,26638
RL-69836058E7,42320
RL-69839FBBE1,37307
RL-69839FBBE1,9428
RL-69AB3B23E4,35370
RL-69BBF2117E,23239
RL-69CF9391CD,34404
RL-69E7069607,20892
RL-6A085526C2,36871
RL-6A1F2A2164,29413#3
RL-6A3EF68939,43014
RL-6A422EFAE8,29315#6
RL-6A4864CD35,20321
RL-6A4864CD35,26558
RL-6A7477B8E0,60511
RL-6A91180221,29375#2
RL-6AB521EEB6,21717
RL-6AB521EEB6,41580
RL-6ABCB1BCBA,9766
RL-6B069DBAF6,21700
RL-6B159D851B,20317
RL-6B3917524E,21143
RL-6B3917524E,60519
RL-6B4B3A8C78,23877
RL-6B5A885811,20359
RL-6B6205A332,37400
RL-6B63B97DB9,20323
RL-6B63B97DB9,42323
RL-6B63B97DB9,61143
RL-6B66F32275,22410
RL-6B66F32275,59694
RL-6B66F32275,9194
RL-6B838D7022,1868
RL-6B9CDE5273,23193
RL-6B9CDE5273,55204
RL-6BCD9C6B75,20884
RL-6BCF818193,20221
RL-6BD1291B64,19497
RL-6BE300713D,34616
RL-6C004E5A88,38250
RL-6C004E5A88,59634
RL-6C201D4349,20414
RL-6C2E5E35BC,19355
RL-6C4A3609E3,31395#2
RL-6C4E280220,1877
RL-6C4E280220,20360
RL-6C78EED0E5,21116
RL-6C78EED0E5,55213
RL-6C90B1B866,23835
RL-6CA2D3E2FB,19920
RL-6CA86B5793,21805
RL-6CA86B5793,60591
RL-6CCEF1CCAE,34739
RL-6CDF84C035,23256
RL-6CDF84C035,60522
RL-6CF5260E99,8982
RL-6D0503F871,35522
RL-6D0F36EA0D,39006
RL-6D3866D85C,19981
RL-6D3866D85C,9289
RL-6D5027B51D,19898
RL-6D5027B51D,26673
RL-6D5027B51D,42655
RL-6D5027B51D,42966
RL-6D5224C0C0,35431
RL-6D55A8543A,19844
RL-6D55A8543A,26980
RL-6D55A8543A,42327
RL-6D58C3686A,21675
RL-6D79526A2C,39007
RL-6D8CF3D1FF,30311#1
RL-6D8CF3D1FF,30312#1
RL-6D8CF3D1FF,33964
RL-6D8CF3D1FF,34068#1
RL-6D8CF3D1FF,37329
RL-6D8FCAFA86,37022
RL-6D9DB89AB9,10893
RL-6DC29435FD,34408
RL-6DCD71154A,30312#3
RL-6DCEFFA867,21710
RL-6DD05666BC,21949
RL-6DD9B2BB1B,38620
RL-6DE0028B06,19902
RL-6DE0028B06,26610
RL-6E07661194,34287#1
RL-6E097AE72A,27021
RL-6E2ED9B0D6,79168
RL-6E51A3AFA2,33774#2
RL-6E5DBEDDAA,35561
RL-6E88FA5419,41644
RL-6EA05CBD99,34838
RL-6EA1E6FC69,21649
RL-6EC61CD8FB,26567
RL-6EC6E24837,35542
RL-6ECFFB1F8E,38932
RL-6EDC4F7110,42375
RL-6EDFF2A623,21809
RL-6EF0CA1CFC,10508
RL-6F03AF5AF8,38493
RL-6F0616C71D,20357
RL-6F0616C71D,26526
RL-6F0616C71D,40407
RL-6F36E15C73,19992
RL-6F523EDDD1,1798
RL-6F523EDDD1,19799
RL-6F526DAE8F,21874
RL-6F7084BB0C,10185
RL-6F98EADCBB,9012
RL-6FA00E57F2,26632
RL-6FAAD92E6B,21164
RL-6FDFEE66F5,20324
RL-701158D3D3,20023
RL-701158D3D3,59591
RL-7023302BDF,37277
RL-7025203501,21088
RL-70265EF350,21239
RL-7048E2B321,35416
RL-7048E2B321,55323
RL-705544D63A,301598
RL-709750B8A8,21647
RL-71135206A0,79176
RL-71137F4D6B,38739
RL-71137F4D6B,9283
RL-713D275DD2,300398
RL-7152AC2BA3,22398
RL-71980792BF,1816
RL-719A39D610,34426
RL-71B30BBC01,34742
RL-71B30BBC01,9781
RL-71BB1079E8,37942
RL-71C609ACAC,20063
RL-71C74DA95C,35550
RL-71D3044CA6,42363
RL-71D3044CA6,42780
RL-71DF094451,34390
RL-71E62F5D45,20399
RL-720A3471D1,20416
RL-7223E33FBE,35401
RL-724A5A4112,38830
RL-725BBF6028,19404
RL-72B6E2C1D2,42786
RL-72D65D5494,19763
RL-72D65D5494,26559
RL-72DC6F3061,22645
RL-72DC6F3061,9311
RL-72FBA1BDAC,19823
RL-730DAB99F5,37244
RL-730FD5B86E,9243
RL-73110D4CC6,19856
RL-73110D4CC6,60684
RL-7319008BDD,60673
RL-732F0D8B3E,34671
RL-733B6A07D4,20388
RL-733B6A07D4,94
RL-7362A1C644,21421
RL-7371C6E2BB,26655
RL-7384618D03,42361
RL-73856770EB,19817
RL-73C62E3E20,22318
RL-73C62E3E20,60508
RL-73D6755210,38659
RL-73D8291407,1863
RL-73D8291407,20380
RL-73E9423A87,22935
RL-73F4B74139,42287
RL-73F4B74139,42383
RL-73FE26F203,20886
RL-73FE26F203,55801
RL-7405858DF6,42759
RL-7405858DF6,42761
RL-7405858DF6,53743
RL-7405858DF6,61172
RL-7430CBE4FD,22926
RL-7430DF959E,20316
RL-7430DF959E,26618
RL-74358D19A8,19489
RL-7438045F9C,9011
RL-7438635F56,20434
RL-743C908181,35495
RL-744F8DCDA1,42366
RL-744F8DCDA1,60646
RL-7467C1FB56,20387
RL-746F8083EF,34753
RL-74A6252E77,42333
RL-74A6252E77,60672
RL-74C48DBE7C,34709
RL-74C53BCFA1,60658
RL-74CB878F9A,26594
RL-74DC250023,20364
RL-74DC250023,26653
RL-74E0BFFCAB,20051
RL-74EF719ADE,38846
RL-7524367993,20390
RL-7524367993,26550
RL-752495EB12,10190
RL-752D20750D,38742
RL-752F2AFE8E,1880
RL-75476C3311,38958
RL-75476C3311,60491
RL-75476C3311,60560
RL-754C9B7E95,39005
RL-754D51F5F4,34423
RL-754EAACD8F,23171
RL-7561EA614C,10735
RL-7561EA614C,38741
RL-756EB32675,21162
RL-75759D55A2,1829
RL-75AA57C314,38288
RL-75B470523A,38271
RL-75DC93F48E,35503
RL-75DE3FB640,29375#1
RL-75EA042665,23975
RL-7608CCFBED,36966
RL-760B5CEB3C,35524
RL-762DC0EF3A,35376
RL-7635C4BB5B,19523
RL-76495539B2,20231
RL-767EBB822B,53741#1
RL-76A0157EA8,60677
RL-76B6096A9F,19872
RL-76B6096A9F,26660
RL-76B6096A9F,86
RL-76E4AB5231,35605
RL-76EDAC6DDE,23913
RL-7709BC1D79,19914
RL-77221C4A47,29315#5
RL-77243F26F4,38752
RL-77243F26F4,56410
RL-7735580EFE,19445
RL-7735580EFE,55682
RL-775DC8CE57,26739
RL-7762C9F0EB,40343
RL-7762C9F0EB,42335
RL-776F7CDAD7,21057
RL-779C8557B1,23164
RL-77A150B68C,23870
RL-77B8D3048E,26741
RL-77C15C53B7,33774#1
RL-77F815CADC,26994
RL-78041D028F,20570
RL-7822A022FF,23976
RL-7839190C25,19921
RL-78546FAB2D,26639
RL-78546FAB2D,61145
RL-7858AB3F30,26569
RL-7898D3DE6C,79209
RL-78AEA9F3C1,9617
RL-78DA9E433B,59677
RL-78DE1607A6,37978
RL-78DE1607A6,42934
RL-78F44512A5,19751
RL-78F63CFA54,56624
RL-78FA6C115B,21815
RL-78FF2C8680,20156
RL-792FF23C2E,42996
RL-7932BD1EDF,34595
RL-793BF5D26E,27020
RL-793E0A0974,42876
RL-79518DB244,9195
RL-795F844613,20394
RL-795F844613,26529
RL-79A84DEB33,26994
RL-79B1BBFE2F,20313
RL-79B9F02DFD,26593
RL-79C26507CB,38625
RL-79CF53460C,23926
RL-79F972A636,21429
RL-7A0615442F,34611
RL-7A0615442F,55686
RL-7A066BB5A1,35453
RL-7A2326736E,21953
RL-7A2609C778,23171
RL-7A39F2525E,20284
RL-7A3AD3D89A,38294
RL-7A50685FDA,55466
RL-7A6EBCA71F,26555
RL-7A6EBCA71F,41578
RL-7A6EBCA71F,41579
RL-7A7051231D,26603
RL-7A76EEFF0C,27013
RL-7A8459DBDE,21811
RL-7A9F0F573E,37251
RL-7A9F0F573E,9553
RL-7AA38A9C58,36947
RL-7ABD273E9A,59667
RL-7ABD273E9A,59723
RL-7AC977D4A9,22189
RL-7AEF46EEAB,38913
RL-7B289EE073,38441
RL-7B3A0A2582,26692
RL-7B41BF679E,20381
RL-7B41BF679E,26604
RL-7B41BF679E,42665
RL-7B41BF679E,42769
RL-7B41BF679E,43001
RL-7B448A5D05,26961
RL-7B4DD751FA,38437
RL-7B4DD751FA,55671
RL-7B4DD751FA,55760
RL-7B4DD751FA,9820
RL-7B5638333D,37208
RL-7B6B8D0AAD,35515
RL-7B6CC0E8AE,301599
RL-7B80460592,10975
RL-7B80460592,37299
RL-7B80460592,55303
RL-7B80460592,59633
RL-7B89AE15D8,37973
RL-7B8B5554E8,20563
RL-7B8F74BAA9,39009
RL-7B9A35F43C,20053
RL-7BAD10242B,1862
RL-7BB3541354,1807
RL-7BBFDDFF98,37375
RL-7BBFDDFF98,55746
RL-7BC2E96A56,1830
RL-7BC2E96A56,19749
RL-7BC2E96A56,42853
RL-7C0462C9E9,19439
RL-7C2A78695C,19895
RL-7C2A78695C,26622
RL-7C2A78695C,26987
RL-7C39221506,1800
RL-7C394EB74C,76772
RL-7C62995E24,23854
RL-7C6F6D5A90,34265
RL-7C6F9FE235,26738
RL-7C6F9FE235,37958
RL-7C70152713,21301
RL-7C775709F7,59676
RL-7C841F34EF,300564
RL-7CA386F19F,38740
RL-7CB3C1301E,20417
RL-7CE3589DE9,19590
RL-7CEE5EB468,23367
RL-7D1A87347E,10279
RL-7D1A87347E,20114
RL-7D1DAA1C6F,34837
RL-7D1F79134B,19743
RL-7D1F79134B,26506
RL-7D1F79134B,78070
RL-7D1F79134B,79413
RL-7D1F79134B,85
RL-7D31BAA619,19968
RL-7D3E162CDA,20412
RL-7D3E162CDA,91
RL-7D44567367,301590
RL-7D4815F7C6,55365
RL-7D4815F7C6,55375
RL-7D4815F7C6,9305
RL-7D611CCE22,34736
RL-7D6EEC9D21,1837
RL-7D8D82BEF6,22446
RL-7D9D763DFC,26611
RL-7DA3246917,26632
RL-7DA71009BD,43008
RL-7DA71009BD,54708
RL-7DA71009BD,61156
RL-7DD08CD0ED,21166
RL-7DFB39D8C6,20436
RL-7E17FAE661,1821
RL-7E17FAE661,26982
RL-7E2769E4E2,10816
RL-7E2769E4E2,20118
RL-7E7E1416F7,20395
RL-7E7E1416F7,61148
RL-7EAA36E344,26573
RL-7EC8A3063C,60687
RL-7ECF366FD8,19789
RL-7EEAAD2BC6,19925
RL-7EEAAD2BC6,26514
RL-7F07F07E3C,21225
RL-7F0FD603E3,10293
RL-7F0FD603E3,23252
RL-7F0FD603E3,9092
RL-7F5A909244,60685
RL-7F6C3BE352,20350
RL-7F6C3BE352,26963
RL-7F75182D7A,1867
RL-7F75182D7A,19875
RL-7F93C8A7D9,21878
RL-7FA7654C64,19564
RL-7FA98B1751,33775#3
RL-7FB3DA99E2,10588
RL-7FBD8835DA,21875
RL-7FD44F2A0D,36955
RL-7FD44F2A0D,58868
RL-7FD44F2A0D,9809
RL-7FDA3B83E7,1806
RL-7FE9460831,23784
RL-7FEB6407CC,19744
RL-7FEB6407CC,88
RL-801669E588,40683
RL-801669E588,42702
RL-8029C2A6D4,26960
RL-8041D2FC68,24007
RL-805AD9BEF5,19844
RL-805C200EE5,34819
RL-80985E1078,34731
RL-80C5360662,1871
RL-80E1A6E1E1,26967
RL-80E779F81B,23274
RL-80F98D40B4,40354
RL-80FE1A436A,34796
RL-810C116968,300564
RL-810C116968,68956
RL-813A15E5DB,10122
RL-813A15E5DB,20158
RL-8143BCB8BC,23841
RL-8143BCB8BC,9267
RL-815A710640,20241
RL-8168507E61,20548
RL-816E93CD59,21196
RL-817CD8C5C5,60678
RL-81E935DA07,34679
RL-81E935DA07,58873
RL-81ED8CA324,36962
RL-81EF07431C,55202
RL-81EF07431C,9307
RL-820250CFDB,36841
RL-82059BD41F,21906
RL-8234973BD3,34605
RL-829BFC1214,37422
RL-82A2B81DD4,41649
RL-82AA194901,23891
RL-82B343D9B4,9331
RL-82BB09D4C8,38538
RL-82BB5FF7DF,19562
RL-82CC4A84C8,42046
RL-82E5DF5738,1877
RL-82E5DF5738,20360
RL-8343431BA7,27023
RL-835B9A6479,38835
RL-835DE9D556,20313
RL-8374B45507,23830
RL-8386FCB9A7,35483
RL-838F0C3002,19898
RL-838F0C3002,26673
RL-83AD6E2018,24031
RL-83CCB8ED0F,1849
RL-83D20E7622,37940
RL-84039EEEB0,38636
RL-8416151E19,1874
RL-8416151E19,19796
RL-841A36F2A3,26696
RL-841A36F2A3,37930
RL-8431B451BC,23882
RL-844CE3E48B,42387
RL-8468E228CC,34737
RL-8483F2C053,35415
RL-8483F2C053,9230
RL-8487BFD2DE,35451
RL-848CC59F73,21886
RL-84A6A4E1DB,34666
RL-84CF6551CE,38643
RL-84D07422AC,11776#1
RL-84D158DBBE,23916
RL-84D158DBBE,9018
RL-84D6C37A83,19750
RL-84D6C37A83,42807
RL-84D6C37A83,43004
RL-84DF81E58E,21577
RL-84DF81E58E,35528
RL-84E4F48E88,35450
RL-84E4F48E88,9014
RL-850758995E,42915
RL-850758995E,42968
RL-85149117F8,19790
RL-8520A19533,19912
RL-85438C940D,42320
RL-8588B48793,26980
RL-85B112017F,41548
RL-85B112017F,68910
RL-85B5AB3C7C,26624
RL-85E1F0FF53,20613
RL-85F4C38D9D,24250
RL-85F4C38D9D,60533
RL-85F4C38D9D,9324
RL-860877703E,37219
RL-860877703E,55274
RL-860877703E,9181
RL-8616E2BA6C,38595
RL-863857575F,43486
RL-863FEA8BA6,42694
RL-86439AB084,26954
RL-8654B64E74,38292
RL-8654C38A94,23135
RL-866F19BDE4,26585
RL-867F8BF397,21691
RL-8695AE6BE4,19836
RL-8695AE6BE4,42279
RL-8695AE6BE4,60648
RL-869DE5A256,53223
RL-869EEACB5D,19768
RL-869EEACB5D,26667
RL-86D4843A87,19494
RL-86E17FF36F,21465
RL-86F18579C2,35563
RL-871400FFC1,21807
RL-871D21909B,21793
RL-871D21909B,60470
RL-871FD72B73,34274
RL-87357ED8CF,35406
RL-87357ED8CF,55731
RL-873C5A9ACD,21674
RL-874C1885D0,34621
RL-8767DDE4AC,23940
RL-876A2342A1,20407
RL-877A3E71FF,26603
RL-8787385386,20381
RL-8787385386,26604
RL-87874CC6F4,35629
RL-87950E7F6A,53318
RL-87BAFB2795,300432
RL-87BAFB2795,43653
RL-87BAFB2795,61616
RL-87DF72B7BC,26970
RL-87ED6C4946,20706
RL-87ED6C4946,38930
RL-87ED6C4946,55721
RL-87ED6C4946,59650
RL-87ED6C4946,59690
RL-87ED6C4946,60468
RL-87ED6C4946,60514
RL-87EDA86ADE,1864
RL-87F267D28A,20436
RL-87FE108385,37063
RL-88062BAAB1,37297
RL-88067768E5,38619
RL-883100786E,36840
RL-883D0BF592,10831
RL-883D0BF592,38811
RL-885741021C,32988
RL-885741021C,33774#1
RL-886D3D8B6A,19864
RL-8872A14A36,34593
RL-887A570D3A,20889
RL-889BCD4CB0,9073
RL-88A347F0FB,10977
RL-88A347F0FB,20218
RL-88A7279C64,34604
RL-88ACD98CF7,37163
RL-88AE77E400,20334
RL-88AE77E400,26554
RL-88BAD545C4,34723
RL-88F7FD7A3A,10398
RL-890FF42AFC,21816
RL-894B7F1D09,34439
RL-898A107D6E,23135
RL-89BA307B1E,20397
RL-89C220CDF1,23930
RL-89C220CDF1,59709
RL-89D65DA9D3,35432
RL-89DACD075A,53313
RL-89DFF5BF92,37960
RL-89E775402B,26968
RL-89E775402B,66873#1
RL-8A290C0CC3,23923
RL-8A34C326EB,20337
RL-8A3E3EF3D3,20398
RL-8A3E3EF3D3,26528
RL-8A3E3EF3D3,37978
RL-8A3E3EF3D3,42934
RL-8A4FADF55F,19812
RL-8A4FADF55F,26625
RL-8A5AFCF8B5,26739
RL-8A5B902BF6,23876
RL-8A8B38A61B,23885
RL-8A92DB2E5B,23261
RL-8A9B21BAD1,20410
RL-8AD4CA3F40,19919
RL-8AD4CA3F40,26657
RL-8AD4CA3F40,43014
RL-8B2852F3E1,59710
RL-8B2852F3E1,9196
RL-8B49C7D462,1850
RL-8B49C7D462,19830
RL-8B83D58DD3,42330
RL-8B83E8A8F7,34784
RL-8B87F342D2,38506
RL-8BA4264996,19794
RL-8BB5F320EA,37354
RL-8BC49CD2EA,20881
RL-8BC49CD2EA,58854
RL-8BCF35F52F,26635
RL-8BCF925DCE,1881
RL-8BE5A397B9,1859
RL-8BEE7AA0D6,23847
RL-8BF6F9EF99,20387
RL-8BF6F9EF99,42708
RL-8BF6F9EF99,60686
RL-8C24E001DA,9247
RL-8C655BEF5F,34730
RL-8C90B1437C,10196
RL-8C90B1437C,60555
RL-8C93C065BC,38269
RL-8CA3F9F930,19890
RL-8CB60D3F3B,21721
RL-8CDE804322,34820
RL-8CDE804322,59659
RL-8CDE804322,60465
RL-8CDF28D876,9073
RL-8CEFE7606D,300399
RL-8CFF16A75E,10995
RL-8D21C6F384,26655
RL-8D29A2739B,20209
RL-8D39DEE9E7,55679
RL-8D39DEE9E7,55790
RL-8D39DEE9E7,55889
RL-8D39DEE9E7,59602
RL-8D39DEE9E7,59629
RL-8D39DEE9E7,60497
RL-8D4BBB0667,38659
RL-8D698B6B41,35380
RL-8D741B17BC,34436
RL-8DA6F0A305,19816
RL-8DAC6FF427,37292
RL-8DB15DB1A0,34381
RL-8DB22031AF,23980
RL-8DB42B1890,20890
RL-8DC45A8380,20569
RL-8E0EAD1BCB,21884
RL-8E25F19717,19929
RL-8E25F19717,26983
RL-8E25F19717,81
RL-8E537A6CCB,35377
RL-8E537A6CCB,9414
RL-8E903E41D8,7396
RL-8EAD95E4AA,20310
RL-8EB966D151,40586
RL-8EB966D151,40593
RL-8EC2766A53,22183
RL-8EC9CDCFC4,10903
RL-8EC9CDCFC4,35634
RL-8EEEF9F46F,42375
RL-8F0D598502,21882
RL-8F1376CE1B,19443
RL-8F154CE2F6,19779
RL-8F154CE2F6,42344
RL-8F154CE2F6,42763
RL-8F21CDA121,55299
RL-8F21CDA121,59657
RL-8F21CDA121,60455
RL-8F2AD0CD3B,68957
RL-8F4220341F,22396
RL-8F55BA59AB,34601
RL-8F61821334,1837
RL-8F829EAA53,10907
RL-8F8E6CAE37,42714
RL-8F8E6CAE37,42821
RL-8FCCEE5F17,42714
RL-8FCCEE5F17,42821
RL-9000FBB53B,35426
RL-90029376F5,20418
RL-90029376F5,26646
RL-90029376F5,42952
RL-903590B70B,26568
RL-905CC743B1,9291
RL-90613AEC0B,37956
RL-9075036B9D,23711
RL-90836BDD51,26562
RL-909354FCF9,35508
RL-90B6C49620,60671
RL-90D1142D43,42322
RL-90DA674574,20391
RL-91010366E1,21887
RL-910468EB8E,40723
RL-910B415968,26706
RL-91626714AD,19933
RL-91626714AD,42318
RL-917059A86D,20431
RL-917059A86D,26607
RL-917BC516EE,19778
RL-9181F9C031,21761
RL-918E9BBEDE,42983
RL-918E9BBEDE,61153
RL-91932CA66C,38738
RL-91CAA4987C,38886
RL-91E379E2D8,29382#3
RL-91E93A5D64,33581
RL-92079F35B6,10471
RL-920AD1C048,41644
RL-927A92A884,19769
RL-92A8546C02,37988
RL-92B01D7C23,24209
RL-92B1ED48FC,35373
RL-92B1ED48FC,55373
RL-92BD009212,34806
RL-92D7E2B003,33055
RL-92D8FEFBEA,42350
RL-92F49002D8,23724
RL-92F5BF1B6E,19821
RL-92F5BF1B6E,42334
RL-931D496C7E,34748
RL-933AF0E063,35437
RL-93518D07F8,10981
RL-93518D07F8,36843
RL-93518D07F8,9308
RL-939F6C51DF,34743
RL-939F6C51DF,9228
RL-94058439F5,29375#4
RL-940E6CC2A9,21095
RL-940E6CC2A9,59727
RL-9414CFF645,19874
RL-9420999237,37415
RL-94242468BC,23808
RL-9449A85F92,21759
RL-9449A85F92,9421
RL-9485AB230B,21810
RL-94885F610D,1867
RL-94885F610D,19875
RL-94A8C12BEF,16087
RL-94AA60D87C,68913
RL-94B3441458,35433
RL-95067A6F9B,20398
RL-95067A6F9B,26528
RL-950ADE1FF2,36942
RL-952EB9E94E,26569
RL-952FF52658,33774#2
RL-9536BA72F1,36912
RL-9542C1F9DA,9245
RL-9543E87920,21069
RL-954D6157F9,35434
RL-955480CE11,10201
RL-955480CE11,35491
RL-956FD13673,1818
RL-956FD13673,42814
RL-956FD13673,42921
RL-956FD13673,60669
RL-956FD13673,68912
RL-9570605EA3,10173
RL-9570605EA3,58814
RL-9584AD32EB,79150
RL-9584AD32EB,79209
RL-95B6F7F8B9,38277
RL-95BDDA7DF4,41642
RL-95C1AF0013,37020
RL-95CBA497E5,36961
RL-95DCA0E199,62400
RL-95F1C0CE12,1875
RL-960DF36BBF,1856
RL-960DF36BBF,19755
RL-962882B829,26617
RL-962D999645,38510
RL-9634D3A636,35572
RL-965D568182,42330
RL-96604607CC,23131
RL-96760172DD,19889
RL-96985AC649,80
RL-96A1D42674,19857
RL-96B66EA010,35543
RL-96C3699CB2,2867
RL-96D2D952E7,36839
RL-96D2D952E7,55648
RL-96EC437F98,37017
RL-96FF1A98E7,10270
RL-96FF1A98E7,10289
RL-970A74C0E3,41548
RL-971C6C8824,23138
RL-9732EF3098,78862
RL-97502A1035,21655
RL-9780E743A0,38880
RL-979663EBE2,21474
RL-979C683898,35467
RL-97AED96CCA,35429
RL-97B10D0557,20363
RL-97B10D0557,9277
RL-97B14A929C,35562
RL-97BBEE603D,35500
RL-97CD469747,37946
RL-97E8FB0ACF,38552
RL-9803B35398,21950
RL-980F781AA2,22470
RL-9822A4FF4A,38628
RL-982333E343,23989
RL-985D20E29A,34610
RL-986749B111,38509
RL-986749B111,55325
RL-986749B111,55371
RL-987201A81A,42365
RL-98AC3E8DDF,26547
RL-98B4BBF324,35406
RL-98B4BBF324,55731
RL-98F1636486,35465
RL-98F88A7E9C,20521
RL-98FBD9ED09,26567
RL-990E47A14A,22338
RL-990F8C459F,33942
RL-992DBF6BD9,34609
RL-99301B1675,19752
RL-99301B1675,300400
RL-99301B1675,41497
RL-99301B1675,41498
RL-9934E55B98,26663
RL-9934E55B98,70755
RL-99364F00FF,22337
RL-99364F00FF,55926
RL-9939CFA674,26570
RL-9947EF5BD9,34431
RL-9964AA27CC,19897
RL-997704B972,21811
RL-997CCB1247,34823
RL-997CCB1247,55392
RL-997CCB1247,9805
RL-99816F4D46,23855
RL-99B93BC6B5,19788
RL-99B93BC6B5,26516
RL-99B93BC6B5,42836
RL-99B9AF60D6,37316
RL-99B9AF60D6,55749
RL-99C5BE8A83,22329
RL-99CF6523CD,55412
RL-99D12B27A7,37403
RL-99D12B27A7,9810
RL-99E178AAB2,34598
RL-99E8DA25AE,26606
RL-99FBA27BB1,38967
RL-9A0A522E49,29413#1
RL-9A0AC3C35E,23915
RL-9A128FB8F8,37249
RL-9A37F0CF81,19563
RL-9A6DC75D42,23790
RL-9A7DC59875,19884
RL-9A7DC59875,26677
RL-9A7DC59875,26964
RL-9A9B4916DF,37937
RL-9AAAAA5E0E,23960
RL-9AAAAA5E0E,55265
RL-9AAB2F9F55,19743
RL-9AAB2F9F55,85
RL-9B3F5955FA,21142
RL-9B5E3ADE7F,19561
RL-9B6EC40CC4,10997
RL-9BBBA145BE,22185
RL-9BD85250B3,34625
RL-9BE9BB9ECA,35393
RL-9BE9BB9ECA,55296
RL-9BF4D6F26F,19495
RL-9C1370DC6D,38737
RL-9C42A6A42C,23246
RL-9C4BA39E98,36954
RL-9C5B4CA734,36944
RL-9C60544B6D,19759
RL-9C8A934F18,37963
RL-9C96641601,34411
RL-9C96641601,9328
RL-9CB83283E8,26629
RL-9CD9E5E9BC,1802
RL-9CDE6E337B,21755
RL-9CE862397E,37220
RL-9CE862397E,9222
RL-9D2D0A66DF,23140
RL-9D3C02B114,21112
RL-9D3C02B114,55284
RL-9D5FCD62A3,21429
RL-9D6301DC9C,36844
RL-9D9F7C3F2D,19431
RL-9DA82C64D0,68957
RL-9DA94A69E6,59686
RL-9DB2F72347,21527
RL-9DF1E91504,19846
RL-9DF1E91504,26560
RL-9DF7204612,23857
RL-9DF7204612,9322
RL-9E0183E588,34827
RL-9E47714AFD,34780
RL-9E6A649BBD,10293
RL-9E6A649BBD,23252
RL-9E6A649BBD,9092
RL-9E832245CC,38291
RL-9EA1B89E19,26680
RL-9EADEDE084,19885
RL-9EADEDE084,93
RL-9ED90DF533,79194
RL-9EE20D3FA8,35625
RL-9EE64E6C84,53728#1
RL-9EE9163EA3,9393
RL-9EF1E8B4A2,36937
RL-9F3FB41484,20342
RL-9F3FB41484,26586
RL-9F48079C8B,20397
RL-9F58CEA191,23964
RL-9F6CFEFF1D,20347
RL-9FA76F5FE7,40554
RL-9FA76F5FE7,42307
RL-9FB6D63C3B,19770
RL-9FB6D63C3B,26955
RL-9FC647D71A,21645
RL-9FF2FEEF2D,37976
RL-9FFCA14CD4,21878
RL-9FFDF9112D,20368
RL-A010D67502,38296
RL-A0320F97F1,38273
RL-A03D2E6EE6,1854
RL-A03D2E6EE6,26510
RL-A04FBCD386,9767
RL-A05085B00B,24247
RL-A065B29284,21677
RL-A065B29284,34391
RL-A0671F0C39,19794
RL-A07B397AA7,23852
RL-A08C62EAE5,20394
RL-A08C62EAE5,26529
RL-A08C62EAE5,26958
RL-A08C62EAE5,37935
RL-A08C62EAE5,42918
RL-A093A89348,35558
RL-A0AB3D0C8A,42807
RL-A0AB3D0C8A,43004
RL-A0AB801692,42323
RL-A0AB801692,61143
RL-A0AB96744A,19750
RL-A0AFE13ED8,42382
RL-A0C1EE9CBC,20048
RL-A0D0CFCA05,300401
RL-A0D0CFCA05,42289
RL-A0D0CFCA05,42777
RL-A0DF5F4CE1,301590
RL-A10FB5ABE9,20290
RL-A10FB5ABE9,59638
RL-A10FB5ABE9,59704
RL-A112BF8CC1,34615
RL-A12402EAB6,26556
RL-A1500D7C6F,20592
RL-A1500D7C6F,55774
RL-A15EB6F912,19923
RL-A15EB6F912,26549
RL-A1789958FF,26990
RL-A17BB75476,38661
RL-A17BB75476,59589
RL-A1A17A0C87,35576
RL-A1A4BCC87E,21152
RL-A1E246900C,23272
RL-A1E246900C,55733
RL-A1F38E3F10,34419
RL-A21B12922C,38432
RL-A2346234DE,37948
RL-A23ED35B11,16118
RL-A27465E223,26979
RL-A29ADB7343,34437
RL-A2A407CD9C,26631
RL-A2A8A66CF5,19920
RL-A2BE21B4BA,35394
RL-A2E0604E12,61148
RL-A2FE3FA6CF,27018
RL-A30658A938,20178
RL-A30658A938,9152
RL-A30E99E17A,24028
RL-A31B91B495,20365
RL-A31B91B495,26707
RL-A34E9AA093,55647
RL-A3810C78E4,19876
RL-A3810C78E4,42332
RL-A396A1B99F,19914
RL-A3B7F3AE49,1855
RL-A3DC23E5A8,21327
RL-A3FFDAEA05,38616
RL-A41C61BDAB,38566
RL-A41C61BDAB,9801
RL-A41EA54482,55229
RL-A4510D37A0,20726
RL-A453EE97A6,1834
RL-A45AD07F90,34745
RL-A45AD07F90,8989
RL-A461396387,34723
RL-A4893FBE4D,34722
RL-A4B5DE4534,20390
RL-A4B5DE4534,26550
RL-A4EDF021D2,23751
RL-A4F43A2290,26985
RL-A5155A9A90,60652
RL-A53F9B5D14,9316
RL-A558EB3FD9,1866
RL-A56C9D123A,35381
RL-A5782735E1,42657
RL-A5782735E1,42951
RL-A5782735E1,60599
RL-A5782735E1,60670
RL-A59F8F29DD,21795
RL-A59F8F29DD,33775#1
RL-A5CBB843B3,27014
RL-A5DE0BD61F,10320
RL-A5ED3F314C,21769
RL-A5ED3F314C,55277
RL-A60AED70A0,35447
RL-A6331480BC,26648
RL-A64268A9D2,37060
RL-A64F196A76,19769
RL-A64F196A76,42954
RL-A658A45427,301589
RL-A69E73C857,19831
RL-A6A0A2FC18,23721
RL-A6CB58F9EB,61149
RL-A6D686D7A8,26584
RL-A6D686D7A8,60676
RL-A7054A822C,40415
RL-A70AEA064A,35544
RL-A72F3ED30E,1828
RL-A73F45E6B4,21173
RL-A75209728A,20242
RL-A75423C856,23880
RL-A78272E426,19810
RL-A784BE05B6,19509
RL-A7A8C9E06D,37236
RL-A7B08117C2,21578
RL-A7B08117C2,55208
RL-A7B4C1A872,19353
RL-A7B61E76F4,29315#4
RL-A7B8C86326,60496
RL-A7EF349437,1832
RL-A7EF349437,19765
RL-A80242573D,34384
RL-A83EA872BE,10827
RL-A83EA872BE,38849
RL-A83EA872BE,55748
RL-A84544661B,38768
RL-A8530E73DB,21791
RL-A8746420F0,34750
RL-A8A0C01AB3,35462
RL-A8A0C01AB3,9569
RL-A8B2B42FCA,19763
RL-A8B2B42FCA,26559
RL-A8B2B42FCA,42391
RL-A8D37E5BC3,26551
RL-A8E9E9C435,53734#1
RL-A8F120304C,21139
RL-A8F29C1373,23354
RL-A8F81382D3,35408
RL-A8F81382D3,60453
RL-A9060A9F2E,42327
RL-A90E5B53D9,21552
RL-A92ED52A54,35580
RL-A933C6B5C0,19837
RL-A954E9714E,59701
RL-A95E25D7B6,37948
RL-A9B0B33F71,21056
RL-A9BF9205F0,10180
RL-A9BF9205F0,10914
RL-A9BF9205F0,55267
RL-A9BF9205F0,55315
RL-A9C6BDD847,20409
RL-A9DB3D64B2,20289
RL-A9E0D552E5,37171
RL-A9E0D552E5,9198
RL-A9ECF0DC7D,10176
RL-A9ECF0DC7D,37196
RL-A9F54A905A,21138
RL-A9F54A905A,55257
RL-A9FDB5A7A7,38413
RL-A9FDB5A7A7,55880
RL-A9FF3B0E12,21105
RL-AA0680CAE1,36638
RL-AA2418C632,37988
RL-AA3516798A,23888
RL-AA3906367D,23263
RL-AA3FE260B9,23148
RL-AA66540630,24242
RL-AA70317016,35622
RL-AA77212159,34709
RL-AA858849AF,21804
RL-AAA2213E2B,1844
RL-AAAA524FA3,23141
RL-AAD2A155B4,10264
RL-AAD2A155B4,23797
RL-AAD2A155B4,60526
RL-AADB15C787,35427
RL-AAF2DAAB3E,20863
RL-AB40FDBF0C,10919
RL-AB40FDBF0C,23136
RL-AB516A2160,68913
RL-AB591F6F3C,10239
RL-AB591F6F3C,21151
RL-AB591F6F3C,58851
RL-AB591F6F3C,60441
RL-AB6663C24F,26613
RL-AB95DD78BC,21957
RL-ABAA1F7022,20281
RL-ABBF9A3953,10823
RL-ABBF9A3953,38280
RL-ABBF9A3953,55887
RL-ABCB64EF5F,19869
RL-ABDFE2AE03,42374
RL-ABE22694BF,37216
RL-ABE22694BF,59675
RL-ABF8358E4A,23143
RL-ABF8358E4A,9009
RL-AC0EBD49FF,42791
RL-AC1FFA3FF8,34825
RL-AC2496167F,23336
RL-AC2D3B04C0,38418
RL-AC7443CBA5,21196
RL-ACA1C21431,24068
RL-ACCD678C5F,34688
RL-ACCD678C5F,55753
RL-ACCD678C5F,9016
RL-ACE8760A8C,19523
RL-ACF29128E6,20386
RL-ACF29128E6,26519
RL-ACF2CB356A,69678
RL-ACFE1F2CFE,10186
RL-ACFE1F2CFE,24016
RL-AD02B14A61,26969
RL-AD2DC5CDB1,16114
RL-AD4B702590,20567
RL-AD56703772,22343
RL-AD6BC8A1FD,59703
RL-AD8E1A4BDC,34836
RL-ADA1308EA3,34817
RL-ADA1308EA3,55192
RL-ADCC4EFACA,10213
RL-ADF5C5E058,38419
RL-AE08675645,36395
RL-AE0967A2EA,10254
RL-AE0967A2EA,24004
RL-AE0BC03E9C,21881
RL-AE10E8828E,1810
RL-AE1E678394,21153
RL-AE2A6D6EB2,35606
RL-AE2A6D6EB2,55368
RL-AE2A6D6EB2,55806
RL-AE50AE5FD4,78694
RL-AE5CCC25A0,37192
RL-AE6C0530D9,19764
RL-AE6FCC1828,19927
RL-AEA457DE88,20229
RL-AEA885D7A3,26608
RL-AEA885D7A3,79
RL-AEA898DBA3,26696
RL-AEA898DBA3,37930
RL-AEB825340A,21794
RL-AF083F9B77,35439
RL-AF083F9B77,9816
RL-AF08DA4AA8,21156
RL-AF290CB542,1865
RL-AF290CB542,19787
RL-AF291E84DF,21123
RL-AF3FE0F4E2,38674
RL-AF44F10C2B,38651
RL-AF495BE655,26706
RL-AF61E9D1E9,20375
RL-AF638CE5E7,34068#2
RL-AF638CE5E7,61155
RL-AF638CE5E7,69611
RL-AF643A44D4,35567
RL-AF643A44D4,37298
RL-AF643A44D4,41496
RL-AF6D3A21C9,26967
RL-AF7D18138F,34414
RL-AF8348327C,55740
RL-AFE682D1B3,37273
RL-AFE682D1B3,59713
RL-AFE682D1B3,60538
RL-AFEE4B471E,38902
RL-AFEE4B471E,58822
RL-AFEE4B471E,59642
RL-AFEE4B471E,60559
RL-AFF61CCC9B,40592
RL-B008DD312A,23884
RL-B00BAE82F9,42694
RL-B0249E1474,20383
RL-B0249E1474,26588
RL-B0263138AD,42771
RL-B02A6EE38D,42389
RL-B030150131,301599
RL-B07F51A031,1870
RL-B07F51A031,20382
RL-B095A59EF7,55859
RL-B0ADBB0829,300537
RL-B0D2954D68,20404
RL-B0F94E3388,22461
RL-B10C6D4C83,19435
RL-B10E95D669,35391
RL-B12A3C3B53,1831
RL-B12A3C3B53,61152
RL-B141387166,37964
RL-B15DDF39A8,35602
RL-B16E8D43D0,26963
RL-B170441618,20708
RL-B17C9EB45D,1833
RL-B17C9EB45D,19773
RL-B1A41BAD14,37018
RL-B1B7498CCC,19915
RL-B1B7498CCC,26589
RL-B1CD74910B,42853
RL-B1D07C8E7B,24014
RL-B1D6F052BD,34659
RL-B1DE128797,36806
RL-B1E2B1298C,24011
RL-B1E3C26A35,23258
RL-B1EC233F70,19917
RL-B1EC233F70,26659
RL-B1EC233F70,37960
RL-B1EC233F70,43013
RL-B26D4080CD,34389
RL-B26D4080CD,9233
RL-B27F463005,22877
RL-B2A45B7D39,34385
RL-B2A45B7D39,55667
RL-B2A45B7D39,58869
RL-B2A45B7D39,59639
RL-B2A45B7D39,9212
RL-B32817A139,22865
RL-B3339CE319,24246
RL-B348B4BDE0,23155
RL-B355C46A88,34594
RL-B35D07F6EA,29329#3
RL-B36A85E048,19904
RL-B36A85E048,26638
RL-B387DB3444,26556
RL-B38DDC5592,23936
RL-B38DDC5592,8979
RL-B394C91D1C,37331
RL-B3C36A431A,19892
RL-B3E333BCAF,35547
RL-B3F3DD1439,34717
RL-B3FED5F25B,35463
RL-B4034DAABE,21168
RL-B40B1ED10E,38295
RL-B40B1ED10E,55743
RL-B41C3785DA,16116
RL-B426BE1746,1847
RL-B459D945CA,26705
RL-B4BCC7ACF8,20379
RL-B4BCC7ACF8,26583
RL-B4BCC7ACF8,26977
RL-B4BCC7ACF8,42682
RL-B4BCC7ACF8,42943
RL-B4BD9271FA,23712
RL-B4FA7F0CC7,37369
RL-B508EAB8C2,34175
RL-B508EAB8C2,34176
RL-B508EAB8C2,34177
RL-B508EAB8C2,34178
RL-B533407668,34612
RL-B57640D5B9,34727
RL-B590980E26,23170
RL-B5909E8109,79150
RL-B5A1BBEE99,60681
RL-B5AAE6EE2A,34707
RL-B5B066EDE6,34710
RL-B5D40C17D4,22924
RL-B5D7C2A096,56967
RL-B5E2674580,19835
RL-B5E2674580,26740
RL-B5E81E576C,21908
RL-B5E905BEB8,22931
RL-B5F2A7F64A,37282
RL-B5F2A7F64A,55634
RL-B5F2A7F64A,55822
RL-B63EDE0C15,22923
RL-B63EDE0C15,58877
RL-B63EDE0C15,9269
RL-B67FABAB94,19595
RL-B6985FD93F,39013
RL-B6A0B4F549,34417
RL-B6A68D1F8E,19862
RL-B6AC297BD8,24027
RL-B6B4DC46A3,1804
RL-B6B4DC46A3,19819
RL-B6B4DC46A3,70954
RL-B6B4DC46A3,70955#1
RL-B6C3F76854,23137
RL-B6C3F76854,9197
RL-B6C4DA8671,35425
RL-B6F0F56EC1,19814
RL-B6F0F56EC1,42926
RL-B7097095C6,23841
RL-B7097095C6,9267
RL-B70BD48F12,23977
RL-B760A0A42D,19823
RL-B764A5D3F1,34794
RL-B76BADD5DD,9199
RL-B76BADD5DD,9312
RL-B7792C82CE,21962
RL-B77FE71BCA,23889
RL-B7A327ECDC,23946
RL-B7B182153B,47865
RL-B7B63F6DAF,19908
RL-B7B63F6DAF,26614
RL-B7B63F6DAF,26978
RL-B7B63F6DAF,40364
RL-B7BFD1CFD6,10821
RL-B7BFD1CFD6,9256
RL-B7CEAB5CE9,20414
RL-B7DAC99928,37397
RL-B817CF44CF,23149
RL-B817CF44CF,23192
RL-B817CF44CF,55244
RL-B84FEB2AEA,26670
RL-B858D51891,23941
RL-B86996C051,42850
RL-B88136CAFD,9174
RL-B88CC470E9,21954
RL-B8A5A5B8DD,37972
RL-B8D077219C,35502
RL-B8D0F24348,34804
RL-B90EC564B6,34734
RL-B95120B28C,42659
RL-B95E09DE63,23153
RL-B95E09DE63,9232
RL-B973750CD4,21816
RL-B9B9C0A539,28876#3
RL-B9CBAEB4A6,19881
RL-B9CBAEB4A6,26681
RL-B9CBAEB4A6,26688
RL-B9CE3CF2E5,59712
RL-B9F2FCBF15,29333#2
RL-BA0C4AE551,38402
RL-BA1936F5E0,19501
RL-BA1936F5E0,55226
RL-BA1936F5E0,9171
RL-BA38B3D744,20094
RL-BA5C8159FE,37258
RL-BA6C437875,34810
RL-BA6FE99BC9,78694
RL-BA812D3A7B,34747
RL-BA89BB3A87,20620
RL-BA94D7CA7B,19587
RL-BAC5C915B6,19520
RL-BACCAF2DEF,21372
RL-BACCAF2DEF,55683
RL-BAD0D9CBF0,19399
RL-BAE8381015,42697
RL-BAED2202A5,21958
RL-BB13085A86,35424
RL-BB1A715DC9,35581
RL-BB31DC9511,23985
RL-BB4B6CA660,38956
RL-BB50F4C793,34432
RL-BB73505FB6,78071
RL-BB89AA6231,37957
RL-BBB4000FA5,20325
RL-BBB4000FA5,26587
RL-BBC3B7C697,20322
RL-BBC511EDDF,34284
RL-BBCAB7017F,23856
RL-BBCB51089D,34833
RL-BBDA9BFE35,21869
RL-BC18842BD8,21141
RL-BC1CFD9F4F,20408
RL-BC1CFD9F4F,26563
RL-BC1CFD9F4F,26973
RL-BC1CFD9F4F,30312#2
RL-BC1CFD9F4F,34406
RL-BC1CFD9F4F,37974
RL-BC1CFD9F4F,43005
RL-BC2228023C,19970
RL-BC2228023C,55319
RL-BC2228023C,55688
RL-BC2228023C,59744
RL-BC37EAEDF4,21789
RL-BC54469AAA,42321
RL-BC54469AAA,42379
RL-BC65C6021E,1851
RL-BC6AC9CA05,20000
RL-BCBCB43F6A,38514
RL-BCCF2D492F,21055
RL-BCD6C21876,34714
RL-BCDCD744C3,20585
RL-BCDCD744C3,9183
RL-BD17F02AE8,23188
RL-BD17F02AE8,9005
RL-BD17F02AE8,9225
RL-BD261ABCD8,35377
RL-BD261ABCD8,9414
RL-BD2916E4B3,20246
RL-BD2916E4B3,9580
RL-BD3DDF394E,30481
RL-BD5FCD2FEE,22397
RL-BD65AA4D33,23137
RL-BD65AA4D33,9197
RL-BD6D5F38BC,34740
RL-BD88824528,21147
RL-BD88824528,8981
RL-BD8DFD476D,22197
RL-BDD45E8963,38605
RL-BDE5DAD9C1,38622
RL-BE0AF1539E,23238
RL-BE0AF1539E,55652
RL-BE0AF1539E,55879
RL-BE17ADF256,26680
RL-BE20C2DBD6,35593
RL-BE20C2DBD6,9220
RL-BE2920E7B6,34732
RL-BE456A070B,21867
RL-BE480D5686,30939
RL-BE480D5686,63172
RL-BE6091B40D,19788
RL-BE6091B40D,26516
RL-BE626BE8E3,60688
RL-BE6A854DF8,20364
RL-BE6A854DF8,26653
RL-BE6A854DF8,42999
RL-BE8BD37BA1,19410
RL-BE95FB91CE,34725
RL-BE95FB91CE,55656
RL-BEB1951826,64576
RL-BEC06ADF05,23707
RL-BEC06ADF05,9088
RL-BF3F8F13B0,26744
RL-BF542CEAE0,57654
RL-BF591FF926,300537
RL-BF64A5A3E8,1869
RL-BF69EFBE87,20319
RL-BF75950CE4,19864
RL-BF75950CE4,42386
RL-BF75950CE4,42845
RL-BF7CB14925,35409
RL-BFBF564146,19746
RL-BFCB3FCA13,9318
RL-BFD926BA3B,61158
RL-BFDB34CEEF,20355
RL-BFDB34CEEF,42382
RL-C008D11F99,19989
RL-C016C80125,35507
RL-C023EFA6C7,10890
RL-C023EFA6C7,38623
RL-C02506CFAE,10322
RL-C02506CFAE,21531
RL-C02564B947,1822
RL-C02564B947,26966
RL-C02564B947,60682
RL-C02564B947,68906
RL-C06B267927,32234
RL-C07091F4A6,1824
RL-C07091F4A6,19757
RL-C07091F4A6,60647
RL-C09911B0AA,55341
RL-C0A18B5660,36998
RL-C0B1C6DFE6,26698
RL-C0B6F7550E,37963
RL-C0BDAED0B2,26966
RL-C0BED913EF,41888
RL-C0C26ACF10,20332
RL-C0C8094A0D,20376
RL-C0C8094A0D,60650
RL-C0F03E1077,23900
RL-C12053DC96,21055
RL-C1288FC162,38423
RL-C12A9359B7,57010
RL-C13844B2D2,34602
RL-C168DB7447,21887
RL-C172D1642C,21529
RL-C18FCD372E,34415
RL-C1A6A87D71,9831
RL-C1A9E2D2E0,19761
RL-C1BB322A40,19882
RL-C1C10B2AB4,20883
RL-C1C22BA6A2,26693
RL-C1FCECD90E,21889
RL-C2182F7788,20370
RL-C2295DB3DD,21228
RL-C2295DB3DD,34603
RL-C231D41C94,34596
RL-C25AB6CBDA,23169
RL-C272B2E701,35477
RL-C27312797D,26582
RL-C28F0C9625,42316
RL-C28F0C9625,42775
RL-C2BDF7DB35,1842
RL-C2DC5EFFEB,26977
RL-C30F131DAE,35414
RL-C320F77897,37333
RL-C3229FE750,1876
RL-C325EC21AA,35436
RL-C3261419D5,35405
RL-C3261419D5,9780
RL-C3495FF2C8,1806
RL-C379AB9639,36808
RL-C37CCC0B26,26633
RL-C37FED4432,34379
RL-C397BF259E,20288
RL-C397BF259E,55382
RL-C3A0DA5E61,23243
RL-C3A4393EB5,24029
RL-C3C899C17E,19894
RL-C3CE5B01D9,21232
RL-C3D603CF13,38404
RL-C3D663297E,20023
RL-C3D663297E,59591
RL-C3DA701F3A,19493
RL-C3E2F80216,21951
RL-C3FEDC0694,41809
RL-C42F96CC96,23850
RL-C446656564,19977
RL-C4590CD633,37931
RL-C4803E8D3A,19913
RL-C4803E8D3A,42348
RL-C492DFCE44,61048
RL-C492DFCE44,61681
RL-C492DFCE44,62046
RL-C492DFCE44,62402
RL-C4C0AD137A,19861
RL-C4C0AD137A,26683
RL-C4C0AD137A,42940
RL-C4DE18C14F,34437
RL-C52F427677,22861
RL-C54595984C,26568
RL-C54A442D95,21732
RL-C55F2E2BB8,36971
RL-C59CF30DF4,42653
RL-C5C286F0F7,42390
RL-C5C52C8F41,21584
RL-C5C7D39F47,23842
RL-C5E37D1D4C,26695
RL-C5E795B76A,27015
RL-C610884795,37951
RL-C612AE0C23,1878
RL-C62BC7B679,19924
RL-C6493A350F,19835
RL-C66FECEF3C,16117
RL-C69831BC71,60673
RL-C6AC2C2346,38647
RL-C6C03D34C7,42876
RL-C6DEB77740,23965
RL-C6EE40D2C6,19878
RL-C6EE40D2C6,26628
RL-C6EE40D2C6,26961
RL-C6EE40D2C6,37968
RL-C6EE40D2C6,42366
RL-C6EE40D2C6,60646
RL-C747F73E7B,1702
RL-C760658205,35395
RL-C76485B9FC,20183
RL-C774AFE291,36941
RL-C78285562B,26993
RL-C789B9E394,26644
RL-C78BDDE99C,19857
RL-C7918802F9,35471
RL-C7CB68AEC6,1871
RL-C7D1CEA8D1,35586
RL-C7D26F96DE,60594
RL-C7F17133A2,35485
RL-C7F5EED78E,34795
RL-C831DD02FC,20236
RL-C842AFD146,23967
RL-C84AE3BC72,36805
RL-C84DF22C0D,57010
RL-C85144DFD5,60459
RL-C85144DFD5,9201
RL-C852020D56,38626
RL-C8808DA364,35564
RL-C8BF1A0971,35527
RL-C8CE90A496,22464
RL-C8CE90A496,60546
RL-C8CE90A496,9447
RL-C8D4F352EC,20324
RL-C8D5C3FB3E,35375
RL-C8D5C3FB3E,59732
RL-C8E72E826B,19496
RL-C8EC18E494,34409
RL-C928217069,300435
RL-C9290E3709,21580
RL-C9290E3709,55925
RL-C93D181E76,23924
RL-C93F6F619A,21435
RL-C9439A68F4,19933
RL-C94EDB2104,37021
RL-C95159D41B,21110
RL-C97136D48B,29382#1
RL-C97D0D8CC6,19902
RL-C97D0D8CC6,26610
RL-C97D0D8CC6,40586
RL-C97D0D8CC6,40593
RL-C98C14196B,34421
RL-C99C969698,21761
RL-C9BAC6E087,35499
RL-C9E597AEF4,23932
RL-CA06BCEA5B,42715
RL-CA105A88A3,35588
RL-CA1087CD67,1819
RL-CA1087CD67,20438
RL-CA10B17F4F,37025
RL-CA34D03FD8,20594
RL-CA3F5B23F8,34719
RL-CA5B5A7833,1840
RL-CA7382B601,20613
RL-CA916D586D,34599
RL-CA916D586D,55270
RL-CA916D586D,60521
RL-CA95B5A373,1841
RL-CA95B5A373,19772
RL-CA95B5A373,26957
RL-CA95B5A373,42919
RL-CA95B5A373,60668
RL-CAE53FA5E0,23731
RL-CB0574F71D,20413
RL-CB0C54004A,34433
RL-CB1D92E1BA,37962
RL-CB2094DCDF,23911
RL-CB67ECDEFD,26608
RL-CB67ECDEFD,69626
RL-CB67ECDEFD,69636
RL-CB67ECDEFD,79
RL-CBB6D6F3EE,79210
RL-CBB6D6F3EE,79211
RL-CBBEC34F80,36952
RL-CBD735CBB5,37395
RL-CBD8722F80,23845
RL-CBDAEDF9AD,19759
RL-CBE3089DBA,20358
RL-CBF0DFD248,70755
RL-CBF50A1DFB,34769
RL-CC119B1D52,21758
RL-CC362ADD38,37401
RL-CC63AEB2FE,26955
RL-CC96328143,34716
RL-CC986E4186,23719
RL-CC986E4186,9818
RL-CCBBF5EC80,20285
RL-CCBBF5EC80,55855
RL-CCC7762435,20340
RL-CCCF6B5AAE,34600
RL-CD206D7893,1875
RL-CD45756472,20878
RL-CD8E6A5DFB,34706
RL-CDB5AAEAC2,33306
RL-CDB8F6B74C,34617
RL-CDC589843C,37942
RL-CDFAEF7BCA,55438
RL-CE1C1EED78,1840
RL-CE2241ABCB,26689
RL-CE2BA5CBD6,37308
RL-CE2D6EF67D,20365
RL-CE4D5FA9F1,26959
RL-CE4E914F6A,1815
RL-CE53B5F102,10380
RL-CE53B5F102,19996
RL-CE53B5F102,55766
RL-CE53B5F102,9192
RL-CE56286AA3,26562
RL-CE646D32C2,26992
RL-CE8505E870,26987
RL-CE8B088C58,301689#1
RL-CEBEE31500,20384
RL-CECA018C22,35456
RL-CECA018C22,38267
RL-CECA018C22,55875
RL-CEFD2DD32B,20571
RL-CEFD2DD32B,55755
RL-CF0194EE46,19861
RL-CF0194EE46,26683
RL-CF0316A040,35492
RL-CF1C46240F,43295
RL-CF2595EB53,19791
RL-CF2595EB53,42983
RL-CF2595EB53,61153
RL-CF6ACD1DF5,19771
RL-CF6C8FA5F2,33775#2
RL-CF8210BB2C,42836
RL-CFD6C091BF,39018
RL-D008970CAF,38430
RL-D00983CE49,38672
RL-D016229D55,37970
RL-D0266D1A8C,20329
RL-D0266D1A8C,26553
RL-D0671042C5,21360
RL-D073898639,21681
RL-D07DE63A01,34425
RL-D07EC6C66D,20204
RL-D08AA86AAB,28876#1
RL-D091B4943F,34422
RL-D094B08F51,59645
RL-D0A9225E72,10249
RL-D0F80EBD64,36946
RL-D0F94EBC19,27022
RL-D113DD9535,20285
RL-D113DD9535,55855
RL-D11EC4630E,35444
RL-D11EC4630E,59604
RL-D11EC4630E,59627
RL-D125C35C9D,38536
RL-D14FC6290C,21586
RL-D192B93F93,26976
RL-D1BB742B3E,20548
RL-D1D5C7D13B,38274
RL-D1D5C7D13B,9261
RL-D1F3165577,55649
RL-D1F3165577,55744
RL-D1F3165577,9017
RL-D20836A0D6,35516
RL-D20A4A68AE,19908
RL-D20A4A68AE,26614
RL-D24557AD73,20166
RL-D26A6E8BF6,21585
RL-D2D82A90EC,19775
RL-D2ECA86C7A,34786
RL-D2FB73A095,19872
RL-D2FB73A095,26660
RL-D2FB73A095,86
RL-D37A3E86B8,20349
RL-D39518F486,21820
RL-D396C98CFF,19783
RL-D396C98CFF,40554
RL-D396C98CFF,42307
RL-D3BD05A1D5,35531
RL-D3CDEAE8D2,1880
RL-D3D27C87BE,20339
RL-D3F7742B58,36807
RL-D428E5DF2C,35432
RL-D43FA453D3,26641
RL-D47BB7FB8E,35449
RL-D47BB7FB8E,55722
RL-D486919A08,20893
RL-D486919A08,55754
RL-D486A4DA9E,38417
RL-D487164BB0,37189
RL-D490302183,20408
RL-D490302183,26563
RL-D4B844C6E7,21171
RL-D4BEF9498E,19744
RL-D4BEF9498E,88
RL-D4CE959E12,42392
RL-D4D61D26A2,61149
RL-D4E6D7BF33,35442
RL-D5002F11DA,38499
RL-D5002F11DA,60438
RL-D5002F11DA,60581
RL-D505C09D70,24018
RL-D51E843DDC,20547
RL-D522AE7D70,23132
RL-D522AE7D70,9326
RL-D522D47EB3,42321
RL-D522D47EB3,42379
RL-D54252B334,21817
RL-D547ACC729,21069
RL-D55B2FB676,19856
RL-D55B2FB676,60684
RL-D56208961F,26648
RL-D5A3B5C6DA,10199
RL-D5A3B5C6DA,38520
RL-D5ACB04400,20326
RL-D5BA7B5EB3,21150
RL-D5BB70921C,19916
RL-D5BB70921C,26689
RL-D5BB70921C,27015
RL-D5BB70921C,40354
RL-D5DEF93929,20312
RL-D5DEF93929,42295
RL-D5EAC7E8F2,26552
RL-D5EAC7E8F2,60678
RL-D5F790C494,38251
RL-D60EDEF900,20368
RL-D622FDE20A,34710
RL-D6260E31AF,38667
RL-D62A97ABBE,26639
RL-D64F617E44,34401
RL-D674F30CBF,42711
RL-D68A5C3BC4,1861
RL-D6B27E7EBD,32661
RL-D6C115C4F8,1839
RL-D6C8B5A634,43390
RL-D6C8B5A634,61614
RL-D6E3F81BE8,34427
RL-D6E9599A57,20353
RL-D6E9599A57,26642
RL-D6E9599A57,42325
RL-D6F7C365C6,21477
RL-D71F52528A,300538
RL-D71F52528A,38611
RL-D72ECCD797,19824
RL-D72ECCD797,26959
RL-D74571EB2D,23708
RL-D7492971CE,10489
RL-D7BB3722BE,37025
RL-D7D210C170,26633
RL-D7E479EBA7,22857
RL-D7E702E859,34744
RL-D7E702E859,9329
RL-D8174DB1B8,24019
RL-D8174DB1B8,55378
RL-D8174DB1B8,55924
RL-D817E84CA6,34393
RL-D830C464FC,23717
RL-D85130E230,34287#2
RL-D859601484,20109
RL-D86F6F7D26,61151
RL-D870076228,34602
RL-D87DE513EE,26958
RL-D88FD47D0E,23878
RL-D89C2609F0,1853
RL-D89C2609F0,19786
RL-D8B1A3FCC3,23829
RL-D8C2376D76,35637
RL-D90676ECD3,42324
RL-D90676ECD3,42831
RL-D92FE90F73,19852
RL-D934B96BB0,21680
RL-D934B96BB0,59605
RL-D93AF41947,42810
RL-D950A87997,21125
RL-D9726E138A,20339
RL-D98DED3630,58876
RL-D993F6E933,61175
RL-D993F6E933,63797
RL-D9D197EA2D,23195
RL-D9D2F7B7CB,35410
RL-D9EEBC9CA2,1835
RL-DA1631EACB,42345
RL-DA1631EACB,42377
RL-DA1631EACB,42378
RL-DA1990C9BA,19761
RL-DA2ADA90FF,21581
RL-DA4C343533,42711
RL-DA5F0013B1,35470
RL-DA5F0013B1,60572
RL-DA8761FF23,35389
RL-DA8761FF23,60556
RL-DA8761FF23,9227
RL-DA900C5423,37302
RL-DAA2CB81CF,53734#1
RL-DAB27E2177,37981
RL-DAC12233DA,35557
RL-DAC82A2770,53738#1
RL-DACF392FD8,20327
RL-DAD21A5C57,36628
RL-DADC77F9E4,19911
RL-DAE8934EB4,26743
RL-DAFD33C11E,1798
RL-DAFD33C11E,19799
RL-DAFD33C11E,41642
RL-DB0C6BEA42,34598
RL-DB25F1DBB5,23961
RL-DB2DAA79AF,20566
RL-DB2DAA79AF,9004
RL-DB38B2D20C,35370
RL-DB395D6024,35371
RL-DB519B20DA,34721
RL-DB7791539C,9097
RL-DB804529D6,34775
RL-DB85EEE5F4,10258
RL-DBA90FE8A0,24005
RL-DBA90FE8A0,9250
RL-DBA990151B,23937
RL-DBB8EBCB24,34733
RL-DBE0D19CA5,10174
RL-DBE37F76AA,26973
RL-DBFD419B49,31208
RL-DC106E134A,49113
RL-DC2287CA03,19419
RL-DC2287CA03,9015
RL-DC26FBE3A1,42782
RL-DC2C0FD456,37965
RL-DC5669EC75,19792
RL-DC5669EC75,26970
RL-DC7566F172,38504
RL-DCA27E924D,19758
RL-DCA27E924D,26566
RL-DCA7E363E7,23273
RL-DCA977D0E6,19417
RL-DCA977D0E6,60576
RL-DCE3C76AD1,36939
RL-DCFC669349,34175
RL-DCFC669349,34176
RL-DCFC669349,34177
RL-DCFC669349,34178
RL-DD0739E479,20322
RL-DD0739E479,42278
RL-DD0739E479,42817
RL-DD11D56588,37967
RL-DD19016BD5,19837
RL-DD19016BD5,42350
RL-DD5D3F6DDB,38514
RL-DD68FB4689,34835
RL-DD7168232B,36948
RL-DD751C9C93,38411
RL-DD751C9C93,9310
RL-DD80F6BA31,36900
RL-DD87158EFC,1846
RL-DD87158EFC,20330
RL-DD87158EFC,42374
RL-DD885EDCF8,35488
RL-DD885EDCF8,9323
RL-DD9287903B,29333#1
RL-DDAD7902F6,21678
RL-DDB06FB558,23189
RL-DDB06FB558,59718
RL-DDB51B223A,21168
RL-DDC3C1AC2B,19928
RL-DE11BEF97D,24210
RL-DE13ED7BCF,42386
RL-DE13ED7BCF,42845
RL-DE1A1548DF,26707
RL-DE201DAFE9,38277
RL-DE266A278C,38270
RL-DE348606A3,19839
RL-DE38070B43,34265
RL-DE3C013E2A,29333#3
RL-DE528186FB,19768
RL-DE528186FB,26667
RL-DE8B0B2AAE,30312#2
RL-DE8B0B2AAE,37974
RL-DE8B0B2AAE,43005
RL-DE988C2816,22859
RL-DEA94D7E24,21445
RL-DEC30C2B25,19808
RL-DED996E7EA,20310
RL-DEDCD26934,35407
RL-DEE53CF55A,1843
RL-DEE53CF55A,19907
RL-DF02D0A8D6,38676
RL-DF3CDE5523,42380
RL-DF3CDE5523,42936
RL-DF86AE6DED,21068
RL-DFB13A5CE7,10308
RL-DFC250D7E2,38594
RL-DFC250D7E2,59592
RL-DFD6E2A4A6,37294
RL-E01A4AF6BD,35552
RL-E02972AD36,23959
RL-E02EA8A62E,61152
RL-E04C75FEC0,19913
RL-E076035D4A,20048
RL-E07E8F2026,37940
RL-E08340033D,24379
RL-E08340033D,55918
RL-E0A398F404,20229
RL-E0A9FD807F,34387
RL-E0BACAEE7D,21713
RL-E0D6969D5E,35390
RL-E0D6969D5E,55271
RL-E0D6969D5E,55673
RL-E0E5259938,38649
RL-E0FFE9D713,23806
RL-E10CCF1345,26510
RL-E119B2E212,38275
RL-E11EDA79E8,34683
RL-E1327ABB97,42384
RL-E145C4C421,37058
RL-E146B65479,10508
RL-E174409CFF,21372
RL-E174409CFF,55683
RL-E17A6A302D,37953
RL-E1A65EBA26,38695
RL-E1A9223EB4,58864
RL-E1C1D34E9B,21302
RL-E1D22BFEB5,23736
RL-E1E17F1422,28876#2
RL-E1EEC0E7B8,23789
RL-E1F1CD2853,19870
RL-E205F02CF8,27019
RL-E2532E2D85,10546
RL-E25E1E90E0,24237
RL-E27339290C,37202
RL-E2A1B0C6F6,19747
RL-E2A1B0C6F6,26592
RL-E2A74B4D57,19897
RL-E2B0C0CD84,38513
RL-E2CC619C05,10228
RL-E2D4994164,19910
RL-E2FE386534,42682
RL-E2FE386534,42943
RL-E312956C46,37327
RL-E312956C46,59635
RL-E355272144,23914
RL-E355272144,38560
RL-E37989E675,43301
RL-E38478BC73,38928
RL-E38642049C,57477
RL-E3C695CC28,34398
RL-E3C80A68ED,21496
RL-E3D1DC63B4,20007
RL-E3D1DC63B4,55249
RL-E3E11E7113,40364
RL-E3FEE95CAF,30311#2
RL-E4002FAC4A,35419
RL-E42B01A15F,56408
RL-E42FDF261B,42351
RL-E42FDF261B,42869
RL-E434C03567,41497
RL-E471A83B80,22438
RL-E4785FF0F2,19894
RL-E495D127BF,19892
RL-E4B73E5B9E,1848
RL-E4B73E5B9E,19903
RL-E4B73E5B9E,27023
RL-E4B9AA343A,34400
RL-E4C5381C04,38915
RL-E4C9BD222F,21902
RL-E4D9188266,21651
RL-E4D9188266,55921
RL-E4F1211E7C,19915
RL-E4F1211E7C,26589
RL-E505D637B1,20535
RL-E5255A2D5B,35039
RL-E5255A2D5B,58445
RL-E54C06A693,68957
RL-E55A9004AB,31350
RL-E55D953684,9802
RL-E55D953684,9813
RL-E5601709A7,34429
RL-E5601709A7,60493
RL-E576D9B805,37387
RL-E57C5332F2,20325
RL-E57C5332F2,26587
RL-E57C5332F2,26991
RL-E57C5332F2,42715
RL-E57F398E68,38934
RL-E583C7B9AD,21146
RL-E588F02CE5,35430
RL-E588F02CE5,9558
RL-E590FCC930,34166
RL-E5B7AAF811,19774
RL-E5B7AAF811,26665
RL-E5B7AAF811,42324
RL-E5B7AAF811,42831
RL-E5D3B24473,34687
RL-E604B749FE,19854
RL-E61C83079E,1844
RL-E61C83079E,34068#2
RL-E61C83079E,61155
RL-E61C83079E,69611
RL-E61C83079E,69678
RL-E62A09ACF6,17280
RL-E67C43EEA1,22854
RL-E6819D84FB,26741
RL-E68AF91C50,60647
RL-E694E54EF4,19900
RL-E6985D7AC7,34607
RL-E6C169ABA3,37227
RL-E6C169ABA3,59689
RL-E6CC676702,38600
RL-E6CC69F4DF,19791
RL-E6D2BE6DE6,39012
RL-E6D3746ED9,60550
RL-E6D56A4CBF,21805
RL-E6D56A4CBF,60591
RL-E6E73B4236,24337
RL-E6E73B4236,8988
RL-E6F91E9BC1,38646
RL-E6F91E9BC1,55878
RL-E70735F348,34821
RL-E71CF9D07C,61175
RL-E71CF9D07C,63797
RL-E742E47B60,19417
RL-E742E47B60,60576
RL-E74F480183,19884
RL-E74F480183,26677
RL-E75E0FD82C,1816
RL-E773950731,23933
RL-E773950731,9573
RL-E79E50071A,29295#3
RL-E7B1C8086C,35529
RL-E7CDB09349,301549#1
RL-E81C92F9C4,21646
RL-E82E9712DE,42759
RL-E82E9712DE,53743
RL-E82E9712DE,61172
RL-E84D4CE30E,19930
RL-E84D4CE30E,26509
RL-E84D4CE30E,26623
RL-E863C952F0,42365
RL-E869B439C9,22448
RL-E869B439C9,9193
RL-E869B439C9,9263
RL-E883F77A35,38618
RL-E8C13C6D96,37973
RL-E9069917AB,34608
RL-E916180354,26978
RL-E93A9FFBB6,19441
RL-E93DBC448E,10551
RL-E955057938,20309
RL-E955057938,60680
RL-E9A2F38DFC,49567
RL-E9A2F38DFC,55626
RL-E9C1739ED4,23158
RL-E9C72AEDA0,23723
RL-E9E6A11A45,34420
RL-E9F0A9F706,41853
RL-E9F3D817A0,10178
RL-EA0672B0F2,37238
RL-EA35DD825F,42332
RL-EA37243E19,21561
RL-EA647A9735,20863
RL-EA6E57159B,26984
RL-EAA914CBC0,34738
RL-EAB5FBD52C,22399
RL-EAD253FDAC,42384
RL-EAF054D7B6,58831
RL-EB1BF92CAE,35396
RL-EB1BF92CAE,59601
RL-EB541A9B57,35480
RL-EB541A9B57,9536
RL-EB797161C2,38614
RL-EB9A43200F,42686
RL-EBE58CF43D,34741
RL-EBF0C1B901,33933
RL-EC07DDEF09,300398
RL-EC43CED63E,1815
RL-EC43CED63E,42351
RL-EC43CED63E,42869
RL-EC4859F00E,38819
RL-ECA9B3D128,20893
RL-ECA9B3D128,55754
RL-ECCDC7870C,35404
RL-ECDEFA65C5,23872
RL-ED59AF7303,19992
RL-ED62C2B9B6,37976
RL-EDA6F660F2,19868
RL-EDA6F660F2,26594
RL-EDA6F660F2,27026
RL-EDC38564F0,20388
RL-EDC38564F0,94
RL-EDCAC4FEFE,20020
RL-EDD0DE1D46,42331
RL-EDD6408079,21351
RL-EDE4703EA3,19829
RL-EDE4703EA3,27013
RL-EE125EDB98,20309
RL-EE190F359F,53741#1
RL-EE24B6872B,68910
RL-EE2E3006EE,34792
RL-EE2E3006EE,9793
RL-EE2E793DAF,26590
RL-EE2E793DAF,29365
RL-EE2E793DAF,60652
RL-EE30A4EB90,21825
RL-EE354A08CB,19912
RL-EE498CC2BA,20417
RL-EE4CC3A91F,26742
RL-EE7CF6F98C,35563
RL-EE8D0B957D,20175
RL-EEA55ECDE8,38744
RL-EEBB249888,35421
RL-EEDE0202EE,41579
RL-EEE84EA62D,22092
RL-EF18AABD17,38851
RL-EF24B44079,60674
RL-EF43FA1780,35387
RL-EF43FA1780,9246
RL-EF55398F73,34416
RL-EF7487A78C,9393
RL-EF963A38B2,60679
RL-EFAA147F8A,23169
RL-EFAFE85CF3,30314
RL-EFF094D99F,20191
RL-F023249B72,35422
RL-F0306EEB6F,1866
RL-F05A437FAA,19782
RL-F05A437FAA,26546
RL-F05A437FAA,87
RL-F06129E3A4,20351
RL-F087BCD1BD,26983
RL-F08985D38E,21790
RL-F09FAB196B,35628
RL-F09FAB196B,9306
RL-F0FDF8AD08,19770
RL-F1040A4A38,34830
RL-F114A34FB2,23924
RL-F129AC0349,35470
RL-F129AC0349,60572
RL-F131DABADC,36393
RL-F131DABADC,36394
RL-F16F3AD3A4,60609
RL-F170275758,37062
RL-F198E3CE85,26545
RL-F198E3CE85,60645
RL-F198E3CE85,60683
RL-F199311A16,1836
RL-F1AC40DFCD,20405
RL-F1DF3B1D69,34623
RL-F1F25BD3D3,39016
RL-F22C72755A,29375#3
RL-F25CC67AA1,19518
RL-F270CC23CF,21573
RL-F28626AC74,1862
RL-F2996D1B07,35413
RL-F2A56C25FF,19916
RL-F2D51B12B9,35514
RL-F3010BC1B2,38629
RL-F3011A21F1,10992
RL-F33291872D,19801
RL-F340F7AF8F,60680
RL-F346958ADC,21881
RL-F39819C8EB,23239
RL-F3D43B3BC6,79210
RL-F3E0173A69,38735
RL-F3E6A2D02A,21208
RL-F3EBD835CD,35573
RL-F3EBD835CD,9807
RL-F400516DEA,19758
RL-F400516DEA,26566
RL-F400516DEA,42659
RL-F40E398ECB,29413#4
RL-F421831A97,21913
RL-F45068D60D,1873
RL-F45068D60D,60688
RL-F451F800B0,38668
RL-F493335147,56798
RL-F49B6E9E9B,37324
RL-F49B6E9E9B,55691
RL-F4B5A68912,23274
RL-F4C95C37C6,19810
RL-F4E616BFF2,23187
RL-F4F8C8486D,22325
RL-F500688913,34808
RL-F500688913,9103
RL-F520D295E5,23983
RL-F542EC5190,42647
RL-F542EC5190,61150
RL-F55139335F,20358
RL-F55139335F,27020
RL-F56E30C8B3,23910
RL-F5BF80D9A6,19874
RL-F5C6C24C08,19814
RL-F5DBACDC0F,38862
RL-F60C323615,23745
RL-F60C323615,60561
RL-F61FC03C9F,35391
RL-F640FCF10E,9208
RL-F64A646033,20020
RL-F68EC83367,78070
RL-F6A89C9D2C,19823
RL-F6AA7072CC,1821
RL-F6DBC6882E,21440
RL-F6FF844944,35546
RL-F71989F84A,42287
RL-F71989F84A,42383
RL-F71A3C6111,42663
RL-F749A03D0B,1859
RL-F749A03D0B,42349
RL-F789310074,64694
RL-F8246487EA,34397
RL-F8506B28D4,1848
RL-F8506B28D4,19903
RL-F8546C94CC,35560
RL-F8546C94CC,59590
RL-F8702A25EF,20120
RL-F877FAF9D3,21804
RL-F8798F2E5B,23261
RL-F87F384565,35569
RL-F884BCDAF0,38416
RL-F8C8484582,26584
RL-F91A8AF7B0,1825
RL-F91A8AF7B0,19760
RL-F91A8AF7B0,26981
RL-F91A8AF7B0,42312
RL-F9206917E9,79176
RL-F9206917E9,79194
RL-F9360702B0,20328
RL-F9360702B0,42319
RL-F9360702B0,42842
RL-F9824D439C,10838
RL-F9824D439C,20113
RL-F9A300D9A3,21359
RL-F9A7EBD212,37955
RL-F9AD7B7A4C,42919
RL-F9AD7B7A4C,60668
RL-F9B6781A28,26964
RL-F9D3FCA554,21669
RL-F9D3FCA554,55211
RL-F9D3FCA554,59674
RL-F9DB315EED,35383
RL-FA34F8BA2D,35571
RL-FA437DE130,20056
RL-FA5B18D4ED,19792
RL-FA623E7632,58876
RL-FA7B0595AF,1845
RL-FA7F5A9B4E,60458
RL-FB3D47FF4C,34413
RL-FB6F614F02,40361
RL-FB6F614F02,42991
RL-FB74B841EB,38566
RL-FB74B841EB,9801
RL-FB760D843E,11004
RL-FB760D843E,38857
RL-FB760D843E,55232
RL-FBA20D73C3,23143
RL-FBA20D73C3,9009
RL-FBABAD539F,35568
RL-FBB42B949F,20237
RL-FBB726C2DC,1803
RL-FBB726C2DC,19887
RL-FBD8F05B3C,1850
RL-FBD8F05B3C,19830
RL-FBF6CFDCC4,38562
RL-FBF6CFDCC4,55922
RL-FBF6CFDCC4,8985
RL-FC0A287549,20331
RL-FC118E35A1,60674
RL-FC45C77D09,19870
RL-FC45C77D09,42333
RL-FC45C77D09,60672
RL-FC4753B2E7,21253
RL-FC91DA7A7C,24026
RL-FC9C8AD2BA,300400
RL-FC9C8AD2BA,41498
RL-FCB1055C93,1852
RL-FCFFA16FA6,21154
RL-FD1BE4CA05,19764
RL-FD2B7C9FDC,19595
RL-FD38F05302,19929
RL-FD38F05302,81
RL-FD3EB4E7E6,21868
RL-FD3EB4E7E6,55445
RL-FD3EB4E7E6,55446
RL-FD3EB4E7E6,60588
RL-FD42C371E4,55259
RL-FD4F908E04,35423
RL-FD4F908E04,55388
RL-FD4F908E04,9523
RL-FD6C44258D,38662
RL-FD882E7EF4,38856
RL-FD8CDCF906,23906
RL-FD8CDCF906,9224
RL-FD8DDA8F28,35384
RL-FD8DDA8F28,9101
RL-FDB71ED684,78071
RL-FDD595A1B8,16098
RL-FDED3E6CCA,11006
RL-FDED3E6CCA,35398
RL-FDF826A5E2,35533
RL-FE3180EA22,35751
RL-FE48079F67,42771
RL-FE5C558599,11772#2
RL-FE6EE9E156,35649
RL-FE6EE9E156,41413
RL-FEE189A389,38546
RL-FF0A853FEF,20544
RL-FF25DE82FA,33964
RL-FF382A547F,26585
RL-FF382A547F,42376
RL-FF382A547F,68911
RL-FF4B1F3999,36954
RL-FF57AC4954,37028
RL-FF6FFD6482,19833
RL-FF7CB7B0D5,34597
RL-FFA54F1BE7,26692
RL-FFA7194174,19930
RL-FFA7194174,26623
RL-FFC1386EE1,37968
